STATEFP,COUNTYFP,TRACTCE,PUMA5CE
12,001,000200,00101
12,001,000301,00101
12,001,000302,00101
12,001,000400,00101
12,001,000500,00101
12,001,000600,00101
12,001,000700,00101
12,001,000806,00101
12,001,000808,00101
12,001,000809,00101
12,001,000901,00101
12,001,000902,00101
12,001,001000,00101
12,001,001100,00101
12,001,001201,00101
12,001,001202,00101
12,001,001203,00101
12,001,001400,00101
12,001,001514,00101
12,001,001515,00101
12,001,001516,00101
12,001,001517,00101
12,001,001519,00101
12,001,001520,00101
12,001,001521,00101
12,001,001603,00101
12,001,001604,00101
12,001,001701,00101
12,001,001702,00101
12,001,001803,00101
12,001,001811,00101
12,001,001902,00101
12,001,110800,00101
12,001,001801,00102
12,001,001802,00102
12,001,001805,00102
12,001,001806,00102
12,001,001813,00102
12,001,001814,00102
12,001,001907,00102
12,001,001908,00102
12,001,002000,00102
12,001,002101,00102
12,001,002102,00102
12,001,002201,00102
12,001,002202,00102
12,001,002204,00102
12,001,002205,00102
12,001,002207,00102
12,001,002208,00102
12,001,002209,00102
12,001,002210,00102
12,001,002217,00102
12,001,002218,00102
12,001,002219,00102
12,001,002220,00102
12,003,040101,08900
12,003,040102,08900
12,003,040201,08900
12,003,040202,08900
12,005,000201,00500
12,005,000202,00500
12,005,000300,00500
12,005,000400,00500
12,005,000500,00500
12,005,000600,00500
12,005,000700,00500
12,005,000803,00500
12,005,000804,00500
12,005,000805,00500
12,005,000806,00500
12,005,000900,00500
12,005,001000,00500
12,005,001100,00500
12,005,001200,00500
12,005,001301,00500
12,005,001302,00500
12,005,001402,00500
12,005,001403,00500
12,005,001404,00500
12,005,001501,00500
12,005,001502,00500
12,005,001600,00500
12,005,001700,00500
12,005,001800,00500
12,005,001900,00500
12,005,002000,00500
12,005,002200,00500
12,005,002300,00500
12,005,002400,00500
12,005,002500,00500
12,005,002601,00500
12,005,002603,00500
12,005,002604,00500
12,005,002605,00500
12,005,002606,00500
12,005,002607,00500
12,005,002608,00500
12,005,002701,00500
12,005,002702,00500
12,005,002703,00500
12,005,002704,00500
12,005,002705,00500
12,005,990000,00500
12,007,000100,02300
12,007,000200,02300
12,007,000300,02300
12,007,000400,02300
12,009,060101,00901
12,009,060102,00901
12,009,060200,00901
12,009,060300,00901
12,009,060400,00901
12,009,060500,00901
12,009,060600,00901
12,009,060700,00901
12,009,061001,00901
12,009,061002,00901
12,009,061100,00901
12,009,061201,00901
12,009,061202,00901
12,009,062103,00901
12,009,062104,00901
12,009,062106,00901
12,009,062107,00901
12,009,062108,00901
12,009,062109,00901
12,009,062301,00901
12,009,062302,00901
12,009,062400,00901
12,009,062500,00901
12,009,062600,00901
12,009,062800,00901
12,009,062900,00901
12,009,063000,00901
12,009,063102,00901
12,009,063104,00901
12,009,063105,00901
12,009,063106,00901
12,009,063107,00901
12,009,071100,00901
12,009,071200,00901
12,009,071400,00901
12,009,071500,00901
12,009,066101,00902
12,009,066103,00902
12,009,066104,00902
12,009,066200,00902
12,009,066301,00902
12,009,066302,00902
12,009,066400,00902
12,009,066500,00902
12,009,066600,00902
12,009,066700,00902
12,009,066800,00902
12,009,066900,00902
12,009,067100,00902
12,009,068101,00902
12,009,068102,00902
12,009,068200,00902
12,009,068300,00902
12,009,068400,00902
12,009,068501,00902
12,009,068502,00902
12,009,068601,00902
12,009,068602,00902
12,009,069100,00902
12,009,069200,00902
12,009,069300,00902
12,009,069400,00902
12,009,069700,00902
12,009,069801,00902
12,009,069802,00902
12,009,069901,00902
12,009,069902,00902
12,009,071600,00902
12,009,980000,00902
12,009,980100,00902
12,009,990000,00902
12,009,064102,00903
12,009,064123,00903
12,009,064124,00903
12,009,064125,00903
12,009,064126,00903
12,009,064127,00903
12,009,064128,00903
12,009,064201,00903
12,009,064202,00903
12,009,064301,00903
12,009,064302,00903
12,009,064400,00903
12,009,064500,00903
12,009,064601,00903
12,009,064602,00903
12,009,064700,00903
12,009,064800,00903
12,009,064901,00903
12,009,064902,00903
12,009,065001,00903
12,009,065021,00903
12,009,065022,00903
12,009,071301,00903
12,009,065121,00904
12,009,065122,00904
12,009,065123,00904
12,009,065124,00904
12,009,065125,00904
12,009,065201,00904
12,009,065202,00904
12,009,065231,00904
12,009,065234,00904
12,009,065235,00904
12,009,065236,00904
12,009,071322,00904
12,009,071332,00904
12,009,071334,00904
12,009,071335,00904
12,009,071336,00904
12,009,071337,00904
12,009,071338,00904
12,009,071339,00904
12,009,071340,00904
12,011,010503,01101
12,011,010504,01101
12,011,010601,01101
12,011,010603,01101
12,011,010604,01101
12,011,010605,01101
12,011,010611,01101
12,011,010612,01101
12,011,020302,01101
12,011,020308,01101
12,011,020309,01101
12,011,020311,01101
12,011,020312,01101
12,011,020313,01101
12,011,020314,01101
12,011,020315,01101
12,011,020316,01101
12,011,020317,01101
12,011,020318,01101
12,011,020319,01101
12,011,020320,01101
12,011,020321,01101
12,011,020322,01101
12,011,020323,01101
12,011,020324,01101
12,011,020325,01101
12,011,020326,01101
12,011,980000,01101
12,011,010502,01102
12,011,010606,01102
12,011,010607,01102
12,011,010609,01102
12,011,010610,01102
12,011,020101,01102
12,011,020103,01102
12,011,020104,01102
12,011,020204,01102
12,011,020205,01102
12,011,020206,01102
12,011,020207,01102
12,011,020209,01102
12,011,020210,01102
12,011,020211,01102
12,011,020212,01102
12,011,020501,01102
12,011,020502,01102
12,011,030702,01102
12,011,030703,01102
12,011,030704,01102
12,011,030705,01102
12,011,010102,01103
12,011,010103,01103
12,011,010104,01103
12,011,010200,01103
12,011,010304,01103
12,011,010305,01103
12,011,010306,01103
12,011,010307,01103
12,011,010308,01103
12,011,010401,01103
12,011,010402,01103
12,011,010403,01103
12,011,010405,01103
12,011,010406,01103
12,011,010407,01103
12,011,010701,01103
12,011,010702,01103
12,011,010800,01103
12,011,010901,01103
12,011,010902,01103
12,011,011000,01103
12,011,030100,01103
12,011,030201,01103
12,011,030203,01103
12,011,030202,01104
12,011,030301,01104
12,011,030302,01104
12,011,030401,01104
12,011,030402,01104
12,011,030500,01104
12,011,030600,01104
12,011,030801,01104
12,011,030802,01104
12,011,030902,01104
12,011,030903,01104
12,011,030904,01104
12,011,031001,01104
12,011,031002,01104
12,011,031101,01104
12,011,031102,01104
12,011,031202,01104
12,011,031203,01104
12,011,031204,01104
12,011,031205,01104
12,011,040101,01104
12,011,040102,01104
12,011,040203,01104
12,011,040204,01104
12,011,040205,01104
12,011,040206,01104
12,011,040300,01104
12,011,040401,01104
12,011,040402,01104
12,011,040503,01104
12,011,040504,01104
12,011,050205,01104
12,011,050206,01104
12,011,020404,01105
12,011,020405,01105
12,011,020406,01105
12,011,020407,01105
12,011,020409,01105
12,011,020411,01105
12,011,020412,01105
12,011,020413,01105
12,011,020414,01105
12,011,020415,01105
12,011,050100,01105
12,011,050204,01105
12,011,050207,01105
12,011,050208,01105
12,011,050309,01105
12,011,050310,01105
12,011,050401,01105
12,011,050402,01105
12,011,050501,01105
12,011,050502,01105
12,011,050601,01105
12,011,050602,01105
12,011,050701,01105
12,011,050702,01105
12,011,050800,01105
12,011,050900,01105
12,011,051001,01105
12,011,051002,01105
12,011,060105,01105
12,011,060107,01105
12,011,060109,01105
12,011,060111,01105
12,011,060112,01105
12,011,060127,01105
12,011,060128,01105
12,011,060113,01106
12,011,060115,01106
12,011,060116,01106
12,011,060117,01106
12,011,060118,01106
12,011,060119,01106
12,011,060120,01106
12,011,060121,01106
12,011,060122,01106
12,011,060125,01106
12,011,060203,01106
12,011,060206,01106
12,011,060207,01106
12,011,060208,01106
12,011,060209,01106
12,011,060210,01106
12,011,060211,01106
12,011,060212,01106
12,011,060213,01106
12,011,060501,01106
12,011,060503,01106
12,011,060504,01106
12,011,060505,01106
12,011,060603,01106
12,011,060605,01106
12,011,060606,01106
12,011,060607,01106
12,011,060608,01106
12,011,060609,01106
12,011,060700,01106
12,011,060801,01106
12,011,060802,01106
12,011,060900,01106
12,011,061001,01106
12,011,061002,01106
12,011,041100,01107
12,011,041200,01107
12,011,041300,01107
12,011,050301,01107
12,011,050306,01107
12,011,050307,01107
12,011,050308,01107
12,011,050311,01107
12,011,050312,01107
12,011,060114,01107
12,011,060123,01107
12,011,060124,01107
12,011,060126,01107
12,011,060302,01107
12,011,060303,01107
12,011,060304,01107
12,011,060305,01107
12,011,060306,01107
12,011,060401,01107
12,011,060402,01107
12,011,060403,01107
12,011,040502,01108
12,011,040601,01108
12,011,040602,01108
12,011,040701,01108
12,011,040702,01108
12,011,040801,01108
12,011,040802,01108
12,011,040901,01108
12,011,040902,01108
12,011,041000,01108
12,011,041400,01108
12,011,041500,01108
12,011,041600,01108
12,011,041700,01108
12,011,041801,01108
12,011,041802,01108
12,011,041900,01108
12,011,042000,01108
12,011,042100,01108
12,011,042200,01108
12,011,042301,01108
12,011,042302,01108
12,011,042400,01108
12,011,042500,01108
12,011,042600,01108
12,011,042700,01108
12,011,042800,01108
12,011,042900,01108
12,011,043001,01108
12,011,043002,01108
12,011,043100,01108
12,011,043301,01108
12,011,043302,01108
12,011,061100,01108
12,011,110600,01108
12,011,070102,01109
12,011,080101,01109
12,011,080102,01109
12,011,080103,01109
12,011,080200,01109
12,011,080402,01109
12,011,080403,01109
12,011,080405,01109
12,011,080406,01109
12,011,080500,01109
12,011,090102,01109
12,011,090200,01109
12,011,090301,01109
12,011,090302,01109
12,011,090401,01109
12,011,090403,01109
12,011,090404,01109
12,011,090502,01109
12,011,090503,01109
12,011,090504,01109
12,011,090601,01109
12,011,090602,01109
12,011,090700,01109
12,011,090801,01109
12,011,090802,01109
12,011,990000,01109
12,011,070101,01110
12,011,070204,01110
12,011,070205,01110
12,011,070207,01110
12,011,070208,01110
12,011,070209,01110
12,011,070210,01110
12,011,070211,01110
12,011,070304,01110
12,011,070305,01110
12,011,070306,01110
12,011,070401,01110
12,011,070402,01110
12,011,070403,01110
12,011,070404,01110
12,011,070405,01110
12,011,070501,01110
12,011,070502,01110
12,011,070601,01110
12,011,070602,01110
12,011,070310,01111
12,011,070311,01111
12,011,070312,01111
12,011,070313,01111
12,011,070314,01111
12,011,070315,01111
12,011,070316,01111
12,011,070317,01111
12,011,070318,01111
12,011,070319,01111
12,011,070320,01111
12,011,070321,01111
12,011,070322,01111
12,011,110301,01111
12,011,110302,01111
12,011,110303,01111
12,011,110327,01111
12,011,110328,01111
12,011,110331,01111
12,011,110333,01111
12,011,110307,01112
12,011,110309,01112
12,011,110321,01112
12,011,110322,01112
12,011,110324,01112
12,011,110325,01112
12,011,110326,01112
12,011,110330,01112
12,011,110332,01112
12,011,110334,01112
12,011,110335,01112
12,011,110336,01112
12,011,110337,01112
12,011,110338,01112
12,011,110339,01112
12,011,110342,01112
12,011,110343,01112
12,011,090101,01113
12,011,090900,01113
12,011,091000,01113
12,011,091100,01113
12,011,091201,01113
12,011,091202,01113
12,011,091300,01113
12,011,091400,01113
12,011,091600,01113
12,011,091701,01113
12,011,091702,01113
12,011,091801,01113
12,011,091802,01113
12,011,091901,01113
12,011,091902,01113
12,011,092000,01113
12,011,110100,01113
12,011,110308,01113
12,011,110311,01113
12,011,110312,01113
12,011,110313,01113
12,011,110340,01113
12,011,110341,01113
12,011,091500,01114
12,011,100101,01114
12,011,100103,01114
12,011,100104,01114
12,011,100105,01114
12,011,100201,01114
12,011,100202,01114
12,011,100300,01114
12,011,100400,01114
12,011,100501,01114
12,011,100502,01114
12,011,100600,01114
12,011,100700,01114
12,011,100801,01114
12,011,100802,01114
12,011,110319,01114
12,011,110320,01114
12,011,110323,01114
12,011,110402,01114
12,011,110403,01114
12,011,110404,01114
12,011,110501,01114
12,011,110502,01114
12,013,010100,06300
12,013,010200,06300
12,013,010300,06300
12,015,010100,01500
12,015,010200,01500
12,015,010301,01500
12,015,010302,01500
12,015,010401,01500
12,015,010402,01500
12,015,010403,01500
12,015,010404,01500
12,015,010501,01500
12,015,010502,01500
12,015,020101,01500
12,015,020103,01500
12,015,020104,01500
12,015,020201,01500
12,015,020202,01500
12,015,020301,01500
12,015,020302,01500
12,015,020303,01500
12,015,020400,01500
12,015,020501,01500
12,015,020502,01500
12,015,020601,01500
12,015,020602,01500
12,015,020700,01500
12,015,020800,01500
12,015,020900,01500
12,015,021001,01500
12,015,021002,01500
12,015,021003,01500
12,015,030100,01500
12,015,030200,01500
12,015,030301,01500
12,015,030302,01500
12,015,030401,01500
12,015,030402,01500
12,015,030501,01500
12,015,030502,01500
12,015,030503,01500
12,015,990000,01500
12,017,450101,01701
12,017,450102,01701
12,017,450201,01701
12,017,450202,01701
12,017,450302,01701
12,017,450303,01701
12,017,450304,01701
12,017,450400,01701
12,017,450500,01701
12,017,450601,01701
12,017,450602,01701
12,017,450701,01701
12,017,450702,01701
12,017,450800,01701
12,017,450901,01701
12,017,450902,01701
12,017,451000,01701
12,017,451101,01701
12,017,451102,01701
12,017,451200,01701
12,017,451300,01701
12,017,451400,01701
12,017,451501,01701
12,017,451502,01701
12,017,451601,01701
12,017,451602,01701
12,017,451700,01701
12,017,990000,01701
12,019,030102,01900
12,019,030103,01900
12,019,030104,01900
12,019,030201,01900
12,019,030202,01900
12,019,030203,01900
12,019,030301,01900
12,019,030303,01900
12,019,030304,01900
12,019,030400,01900
12,019,030500,01900
12,019,030600,01900
12,019,030701,01900
12,019,030702,01900
12,019,030703,01900
12,019,030801,01900
12,019,030802,01900
12,019,030902,01900
12,019,030903,01900
12,019,030904,01900
12,019,031101,01900
12,019,031104,01900
12,019,031105,01900
12,019,031106,01900
12,019,031107,01900
12,019,031108,01900
12,019,031200,01900
12,019,031300,01900
12,019,031400,01900
12,019,031500,01900
12,021,010102,02101
12,021,010105,02101
12,021,010106,02101
12,021,010107,02101
12,021,010108,02101
12,021,010109,02101
12,021,010110,02101
12,021,010205,02101
12,021,010208,02101
12,021,010209,02101
12,021,010211,02101
12,021,010212,02101
12,021,010213,02101
12,021,010215,02101
12,021,010300,02101
12,021,010405,02101
12,021,010408,02101
12,021,010415,02101
12,021,010416,02101
12,021,010417,02101
12,021,010418,02101
12,021,011201,02101
12,021,000101,02102
12,021,000102,02102
12,021,000200,02102
12,021,000301,02102
12,021,000302,02102
12,021,000401,02102
12,021,000402,02102
12,021,000500,02102
12,021,000600,02102
12,021,000700,02102
12,021,010210,02102
12,021,010401,02102
12,021,010410,02102
12,021,010411,02102
12,021,010419,02102
12,021,010420,02102
12,021,010505,02102
12,021,010506,02102
12,021,010507,02102
12,021,010508,02102
12,021,010509,02102
12,021,010510,02102
12,021,010601,02102
12,021,010602,02102
12,021,010604,02102
12,021,010605,02102
12,021,010606,02102
12,021,010701,02102
12,021,010702,02102
12,021,010801,02102
12,021,010803,02102
12,021,990000,02102
12,021,010412,02103
12,021,010413,02103
12,021,010414,02103
12,021,010802,02103
12,021,010902,02103
12,021,010903,02103
12,021,010904,02103
12,021,010905,02103
12,021,011001,02103
12,021,011002,02103
12,021,011102,02103
12,021,011103,02103
12,021,011105,02103
12,021,011106,02103
12,021,011202,02103
12,021,011204,02103
12,021,011205,02103
12,021,011301,02103
12,021,011302,02103
12,021,011400,02103
12,023,110201,02300
12,023,110202,02300
12,023,110300,02300
12,023,110400,02300
12,023,110500,02300
12,023,110601,02300
12,023,110602,02300
12,023,110700,02300
12,023,110800,02300
12,023,110901,02300
12,023,110903,02300
12,023,110904,02300
12,027,010101,02700
12,027,010102,02700
12,027,010200,02700
12,027,010301,02700
12,027,010302,02700
12,027,010403,02700
12,027,010404,02700
12,027,010405,02700
12,027,010406,02700
12,029,970101,02300
12,029,970102,02300
12,029,970200,02300
12,029,990000,02300
12,031,010101,03101
12,031,010102,03101
12,031,010103,03101
12,031,010201,03101
12,031,010202,03101
12,031,010301,03101
12,031,010303,03101
12,031,010304,03101
12,031,010401,03101
12,031,010402,03101
12,031,010500,03101
12,031,010600,03101
12,031,013721,03101
12,031,013723,03101
12,031,013726,03101
12,031,013727,03101
12,031,017300,03101
12,031,990000,03101
12,031,000100,03102
12,031,000200,03102
12,031,000300,03102
12,031,001000,03102
12,031,001100,03102
12,031,001200,03102
12,031,001300,03102
12,031,001400,03102
12,031,001500,03102
12,031,001600,03102
12,031,002600,03102
12,031,002701,03102
12,031,002702,03102
12,031,002801,03102
12,031,002802,03102
12,031,002901,03102
12,031,002902,03102
12,031,010700,03102
12,031,010800,03102
12,031,010900,03102
12,031,011000,03102
12,031,011100,03102
12,031,011200,03102
12,031,011300,03102
12,031,011400,03102
12,031,011500,03102
12,031,011600,03102
12,031,011700,03102
12,031,011800,03102
12,031,011901,03102
12,031,012100,03102
12,031,017200,03102
12,031,017400,03102
12,031,014311,03103
12,031,014500,03103
12,031,014601,03103
12,031,014603,03103
12,031,014604,03103
12,031,014701,03103
12,031,014702,03103
12,031,014800,03103
12,031,014901,03103
12,031,014902,03103
12,031,015001,03103
12,031,015002,03103
12,031,015100,03103
12,031,015200,03103
12,031,015300,03103
12,031,015400,03103
12,031,015501,03103
12,031,015502,03103
12,031,015600,03103
12,031,015700,03103
12,031,015801,03103
12,031,015802,03103
12,031,013800,03104
12,031,013901,03104
12,031,013902,03104
12,031,013904,03104
12,031,013905,03104
12,031,013906,03104
12,031,014001,03104
12,031,014002,03104
12,031,014101,03104
12,031,014102,03104
12,031,014202,03104
12,031,014203,03104
12,031,014204,03104
12,031,014312,03104
12,031,014326,03104
12,031,014328,03104
12,031,014329,03104
12,031,014330,03104
12,031,014331,03104
12,031,014332,03104
12,031,014333,03104
12,031,014334,03104
12,031,014335,03104
12,031,014336,03104
12,031,014337,03104
12,031,014338,03104
12,031,000600,03105
12,031,000800,03105
12,031,014401,03105
12,031,014404,03105
12,031,014406,03105
12,031,014408,03105
12,031,014409,03105
12,031,014410,03105
12,031,014411,03105
12,031,014412,03105
12,031,014413,03105
12,031,015922,03105
12,031,015923,03105
12,031,015924,03105
12,031,015925,03105
12,031,015926,03105
12,031,016000,03105
12,031,016100,03105
12,031,000700,03106
12,031,016200,03106
12,031,016300,03106
12,031,016400,03106
12,031,016500,03106
12,031,016601,03106
12,031,016603,03106
12,031,016604,03106
12,031,016711,03106
12,031,016722,03106
12,031,016724,03106
12,031,016725,03106
12,031,016726,03106
12,031,016727,03106
12,031,016728,03106
12,031,016729,03106
12,031,016801,03106
12,031,016803,03106
12,031,016804,03106
12,031,016805,03106
12,031,016806,03106
12,031,016807,03106
12,031,016808,03106
12,031,002101,03107
12,031,002102,03107
12,031,002200,03107
12,031,002300,03107
12,031,002400,03107
12,031,002501,03107
12,031,002502,03107
12,031,011902,03107
12,031,011903,03107
12,031,012000,03107
12,031,012200,03107
12,031,012300,03107
12,031,012400,03107
12,031,012500,03107
12,031,012601,03107
12,031,012602,03107
12,031,012702,03107
12,031,012703,03107
12,031,012704,03107
12,031,012800,03107
12,031,012900,03107
12,031,013000,03107
12,031,013100,03107
12,031,013200,03107
12,031,013300,03107
12,031,013402,03107
12,031,013403,03107
12,031,013404,03107
12,031,013502,03107
12,031,013503,03107
12,031,013504,03107
12,031,013521,03107
12,031,013522,03107
12,031,017100,03107
12,033,001103,03301
12,033,003203,03301
12,033,003204,03301
12,033,003301,03301
12,033,003400,03301
12,033,003503,03301
12,033,003505,03301
12,033,003506,03301
12,033,003507,03301
12,033,003508,03301
12,033,003603,03301
12,033,003607,03301
12,033,003608,03301
12,033,003609,03301
12,033,003610,03301
12,033,003611,03301
12,033,003612,03301
12,033,003613,03301
12,033,003614,03301
12,033,003700,03301
12,033,003800,03301
12,033,003900,03301
12,033,004000,03301
12,033,000100,03302
12,033,000300,03302
12,033,000400,03302
12,033,000500,03302
12,033,000600,03302
12,033,000800,03302
12,033,000900,03302
12,033,001001,03302
12,033,001002,03302
12,033,001101,03302
12,033,001104,03302
12,033,001201,03302
12,033,001202,03302
12,033,001300,03302
12,033,001401,03302
12,033,001402,03302
12,033,001500,03302
12,033,001600,03302
12,033,001700,03302
12,033,001800,03302
12,033,001900,03302
12,033,002000,03302
12,033,002100,03302
12,033,002200,03302
12,033,002300,03302
12,033,002400,03302
12,033,002500,03302
12,033,002601,03302
12,033,002602,03302
12,033,002603,03302
12,033,002604,03302
12,033,002605,03302
12,033,002701,03302
12,033,002703,03302
12,033,002704,03302
12,033,002801,03302
12,033,002802,03302
12,033,002803,03302
12,033,002804,03302
12,033,002900,03302
12,033,003000,03302
12,033,003100,03302
12,033,003201,03302
12,033,003305,03302
12,033,003306,03302
12,033,003307,03302
12,033,003308,03302
12,033,003309,03302
12,033,990000,03302
12,035,060103,03500
12,035,060104,03500
12,035,060105,03500
12,035,060106,03500
12,035,060107,03500
12,035,060204,03500
12,035,060205,03500
12,035,060206,03500
12,035,060207,03500
12,035,060208,03500
12,035,060209,03500
12,035,060210,03500
12,035,060211,03500
12,035,060212,03500
12,035,060213,03500
12,035,060214,03500
12,035,060301,03500
12,035,060302,03500
12,035,060303,03500
12,035,060304,03500
12,035,990000,03500
12,037,970100,06300
12,037,970200,06300
12,037,970302,06300
12,037,970304,06300
12,037,990000,06300
12,037,990100,06300
12,039,020101,06300
12,039,020102,06300
12,039,020300,06300
12,039,020400,06300
12,039,020500,06300
12,039,020600,06300
12,039,020701,06300
12,039,020702,06300
12,039,020800,06300
12,041,950100,02300
12,041,950201,02300
12,041,950202,02300
12,041,950203,02300
12,041,950204,02300
12,043,000100,09300
12,043,000200,09300
12,043,000300,09300
12,043,990000,09300
12,045,960100,06300
12,045,960200,06300
12,045,960300,06300
12,045,990000,06300
12,047,960100,12100
12,047,960200,12100
12,047,960300,12100
12,049,970101,02700
12,049,970102,02700
12,049,970201,02700
12,049,970202,02700
12,049,970300,02700
12,049,970400,02700
12,051,000100,09300
12,051,000200,09300
12,051,000300,09300
12,051,000401,09300
12,051,000402,09300
12,051,000600,09300
12,051,990000,09300
12,053,040101,05301
12,053,040102,05301
12,053,040201,05301
12,053,040202,05301
12,053,040301,05301
12,053,040302,05301
12,053,040303,05301
12,053,040400,05301
12,053,040501,05301
12,053,040502,05301
12,053,040601,05301
12,053,040602,05301
12,053,040701,05301
12,053,040702,05301
12,053,040801,05301
12,053,040802,05301
12,053,040901,05301
12,053,040905,05301
12,053,040906,05301
12,053,040907,05301
12,053,040908,05301
12,053,040909,05301
12,053,040910,05301
12,053,040911,05301
12,053,041003,05301
12,053,041004,05301
12,053,041005,05301
12,053,041006,05301
12,053,041103,05301
12,053,041104,05301
12,053,041105,05301
12,053,041106,05301
12,053,041201,05301
12,053,041203,05301
12,053,041204,05301
12,053,041302,05301
12,053,041303,05301
12,053,041304,05301
12,053,041305,05301
12,053,041401,05301
12,053,041402,05301
12,053,041501,05301
12,053,041502,05301
12,053,041600,05301
12,053,990000,05301
12,055,960101,02700
12,055,960102,02700
12,055,960103,02700
12,055,960200,02700
12,055,960300,02700
12,055,960400,02700
12,055,960501,02700
12,055,960502,02700
12,055,960601,02700
12,055,960602,02700
12,055,960700,02700
12,055,960800,02700
12,055,960900,02700
12,055,961100,02700
12,055,961200,02700
12,055,961301,02700
12,055,961302,02700
12,055,961400,02700
12,055,961602,02700
12,055,961603,02700
12,055,961700,02700
12,055,980000,02700
12,055,980200,02700
12,055,961000,09300
12,055,961500,09300
12,055,961601,09300
12,055,980100,09300
12,057,000101,05701
12,057,000102,05701
12,057,000201,05701
12,057,000202,05701
12,057,000300,05701
12,057,000401,05701
12,057,000402,05701
12,057,000500,05701
12,057,000601,05701
12,057,000602,05701
12,057,000700,05701
12,057,000800,05701
12,057,000901,05701
12,057,000902,05701
12,057,001001,05701
12,057,001002,05701
12,057,001100,05701
12,057,001200,05701
12,057,001300,05701
12,057,001400,05701
12,057,001500,05701
12,057,001600,05701
12,057,001700,05701
12,057,001800,05701
12,057,001900,05701
12,057,002000,05701
12,057,002100,05701
12,057,002200,05701
12,057,002300,05701
12,057,002400,05701
12,057,002800,05701
12,057,002900,05701
12,057,003000,05701
12,057,003100,05701
12,057,003200,05701
12,057,003300,05701
12,057,003400,05701
12,057,003500,05701
12,057,003600,05701
12,057,010501,05701
12,057,010502,05701
12,057,002500,05702
12,057,002600,05702
12,057,002700,05702
12,057,003700,05702
12,057,003800,05702
12,057,003900,05702
12,057,004000,05702
12,057,004100,05702
12,057,004200,05702
12,057,004300,05702
12,057,004400,05702
12,057,004500,05702
12,057,004600,05702
12,057,004700,05702
12,057,004800,05702
12,057,004900,05702
12,057,005000,05702
12,057,005101,05702
12,057,005102,05702
12,057,005301,05702
12,057,005302,05702
12,057,005401,05702
12,057,005500,05702
12,057,005700,05702
12,057,005800,05702
12,057,005900,05702
12,057,006000,05702
12,057,006101,05702
12,057,006103,05702
12,057,006200,05702
12,057,006300,05702
12,057,006400,05702
12,057,006501,05702
12,057,006502,05702
12,057,006600,05702
12,057,006700,05702
12,057,006801,05702
12,057,006802,05702
12,057,006900,05702
12,057,007001,05702
12,057,007002,05702
12,057,007102,05702
12,057,007103,05702
12,057,007200,05702
12,057,007300,05702
12,057,011708,05702
12,057,013501,05702
12,057,980600,05702
12,057,990000,05702
12,057,011410,05703
12,057,011411,05703
12,057,011412,05703
12,057,011413,05703
12,057,011414,05703
12,057,011504,05703
12,057,011506,05703
12,057,011507,05703
12,057,011509,05703
12,057,011512,05703
12,057,011517,05703
12,057,011518,05703
12,057,011519,05703
12,057,011520,05703
12,057,011603,05703
12,057,011605,05703
12,057,011606,05703
12,057,011607,05703
12,057,011608,05703
12,057,011610,05703
12,057,011611,05703
12,057,011612,05703
12,057,011613,05703
12,057,011614,05703
12,057,011615,05703
12,057,011706,05703
12,057,011709,05703
12,057,011710,05703
12,057,011712,05703
12,057,980100,05703
12,057,980500,05703
12,057,011003,05704
12,057,011005,05704
12,057,011006,05704
12,057,011007,05704
12,057,011103,05704
12,057,011106,05704
12,057,011107,05704
12,057,011108,05704
12,057,011109,05704
12,057,011203,05704
12,057,011204,05704
12,057,011205,05704
12,057,011206,05704
12,057,011301,05704
12,057,011303,05704
12,057,011304,05704
12,057,011407,05704
12,057,011408,05704
12,057,011409,05704
12,057,011415,05704
12,057,011416,05704
12,057,011417,05704
12,057,011418,05704
12,057,011510,05704
12,057,011514,05704
12,057,011515,05704
12,057,011516,05704
12,057,011521,05704
12,057,011522,05704
12,057,011523,05704
12,057,011524,05704
12,057,011802,05704
12,057,011803,05704
12,057,011804,05704
12,057,011901,05704
12,057,011902,05704
12,057,011904,05704
12,057,011905,05704
12,057,011906,05704
12,057,980700,05704
12,057,010203,05705
12,057,010204,05705
12,057,010205,05705
12,057,010209,05705
12,057,010210,05705
12,057,010211,05705
12,057,010212,05705
12,057,010213,05705
12,057,010214,05705
12,057,010305,05705
12,057,010401,05705
12,057,010402,05705
12,057,010600,05705
12,057,010701,05705
12,057,010702,05705
12,057,010805,05705
12,057,010808,05705
12,057,010809,05705
12,057,010810,05705
12,057,010811,05705
12,057,010812,05705
12,057,010813,05705
12,057,010814,05705
12,057,010815,05705
12,057,010816,05705
12,057,010817,05705
12,057,010818,05705
12,057,010900,05705
12,057,011008,05705
12,057,011010,05705
12,057,011012,05705
12,057,011013,05705
12,057,011014,05705
12,057,011015,05705
12,057,011016,05705
12,057,980300,05705
12,057,980400,05705
12,057,010103,05706
12,057,010105,05706
12,057,010106,05706
12,057,010107,05706
12,057,010108,05706
12,057,010303,05706
12,057,010304,05706
12,057,012104,05706
12,057,012106,05706
12,057,012107,05706
12,057,012108,05706
12,057,012209,05706
12,057,012210,05706
12,057,012401,05706
12,057,012402,05706
12,057,012403,05706
12,057,012501,05706
12,057,012503,05706
12,057,012504,05706
12,057,012600,05706
12,057,012701,05706
12,057,012702,05706
12,057,012800,05706
12,057,012900,05706
12,057,013001,05706
12,057,013002,05706
12,057,013003,05706
12,057,013004,05706
12,057,013203,05706
12,057,013204,05706
12,057,012001,05707
12,057,012002,05707
12,057,012103,05707
12,057,012206,05707
12,057,012207,05707
12,057,012208,05707
12,057,012211,05707
12,057,012212,05707
12,057,012213,05707
12,057,012301,05707
12,057,012303,05707
12,057,012304,05707
12,057,013205,05707
12,057,013206,05707
12,057,013305,05707
12,057,013307,05707
12,057,013310,05707
12,057,013311,05707
12,057,013312,05707
12,057,013313,05707
12,057,013314,05707
12,057,013315,05707
12,057,013316,05707
12,057,013317,05707
12,057,013318,05707
12,057,013319,05707
12,057,013320,05707
12,057,013321,05707
12,057,013322,05707
12,057,013406,05707
12,057,013410,05707
12,057,013411,05707
12,057,013412,05707
12,057,013413,05707
12,057,013503,05707
12,057,013504,05707
12,057,013505,05707
12,057,013602,05707
12,057,013604,05707
12,057,013702,05707
12,057,013703,05707
12,057,013704,05707
12,057,013802,05707
12,057,013100,05708
12,057,013207,05708
12,057,013208,05708
12,057,013407,05708
12,057,013409,05708
12,057,013414,05708
12,057,013415,05708
12,057,013801,05708
12,057,013803,05708
12,057,013804,05708
12,057,013806,05708
12,057,013807,05708
12,057,013903,05708
12,057,013907,05708
12,057,013908,05708
12,057,013912,05708
12,057,013913,05708
12,057,013914,05708
12,057,013915,05708
12,057,013916,05708
12,057,013917,05708
12,057,013918,05708
12,057,013919,05708
12,057,013920,05708
12,057,013921,05708
12,057,013922,05708
12,057,013923,05708
12,057,014002,05708
12,057,014003,05708
12,057,014007,05708
12,057,014008,05708
12,057,014009,05708
12,057,014010,05708
12,057,014011,05708
12,057,014012,05708
12,057,014013,05708
12,057,014014,05708
12,057,014015,05708
12,057,014016,05708
12,057,014104,05708
12,057,014106,05708
12,057,014108,05708
12,057,014109,05708
12,057,014117,05708
12,057,014118,05708
12,057,014119,05708
12,057,014121,05708
12,057,014122,05708
12,057,980200,05708
12,057,990100,05708
12,059,960100,00500
12,059,960200,00500
12,059,960300,00500
12,059,960400,00500
12,061,050100,06100
12,061,050200,06100
12,061,050301,06100
12,061,050302,06100
12,061,050401,06100
12,061,050402,06100
12,061,050501,06100
12,061,050503,06100
12,061,050504,06100
12,061,050505,06100
12,061,050601,06100
12,061,050602,06100
12,061,050603,06100
12,061,050604,06100
12,061,050605,06100
12,061,050606,06100
12,061,050702,06100
12,061,050703,06100
12,061,050704,06100
12,061,050705,06100
12,061,050802,06100
12,061,050804,06100
12,061,050805,06100
12,061,050806,06100
12,061,050807,06100
12,061,050808,06100
12,061,050902,06100
12,061,050903,06100
12,061,050904,06100
12,061,980000,06100
12,061,990000,06100
12,063,210100,06300
12,063,210200,06300
12,063,210300,06300
12,063,210400,06300
12,063,210500,06300
12,063,210600,06300
12,063,210700,06300
12,063,210800,06300
12,063,210900,06300
12,063,211000,06300
12,063,211100,06300
12,065,250101,06300
12,065,250102,06300
12,065,250200,06300
12,065,990000,06300
12,067,960100,12100
12,067,960200,12100
12,069,030102,06901
12,069,030104,06901
12,069,030105,06901
12,069,030106,06901
12,069,030107,06901
12,069,030108,06901
12,069,030203,06901
12,069,030204,06901
12,069,030206,06901
12,069,030207,06901
12,069,030208,06901
12,069,030209,06901
12,069,030305,06901
12,069,030306,06901
12,069,030307,06901
12,069,030308,06901
12,069,030803,06901
12,069,030804,06901
12,069,030807,06901
12,069,030902,06901
12,069,030912,06901
12,069,030913,06901
12,069,030914,06901
12,069,030302,06902
12,069,030405,06902
12,069,030406,06902
12,069,030407,06902
12,069,030408,06902
12,069,030409,06902
12,069,030410,06902
12,069,030411,06902
12,069,030502,06902
12,069,030503,06902
12,069,030504,06902
12,069,030601,06902
12,069,030602,06902
12,069,030701,06902
12,069,030702,06902
12,069,030805,06903
12,069,030806,06903
12,069,031000,06903
12,069,031101,06903
12,069,031102,06903
12,069,031103,06903
12,069,031202,06903
12,069,031203,06903
12,069,031204,06903
12,069,031205,06903
12,069,031301,06903
12,069,031305,06903
12,069,031306,06903
12,069,031307,06903
12,069,031308,06903
12,069,031309,06903
12,069,031310,06903
12,069,031311,06903
12,071,001501,07101
12,071,001502,07101
12,071,001601,07101
12,071,001602,07101
12,071,001701,07101
12,071,001703,07101
12,071,001705,07101
12,071,001706,07101
12,071,001707,07101
12,071,001801,07101
12,071,001802,07101
12,071,001903,07101
12,071,001906,07101
12,071,001907,07101
12,071,001908,07101
12,071,001910,07101
12,071,001911,07101
12,071,001912,07101
12,071,001913,07101
12,071,001914,07101
12,071,001915,07101
12,071,010406,07101
12,071,050103,07101
12,071,050104,07101
12,071,050105,07101
12,071,050106,07101
12,071,050313,07101
12,071,060101,07101
12,071,060102,07101
12,071,060201,07101
12,071,060202,07101
12,071,060203,07101
12,071,070101,07101
12,071,070102,07101
12,071,070200,07101
12,071,080100,07101
12,071,080202,07101
12,071,080203,07101
12,071,080204,07101
12,071,090100,07101
12,071,990000,07101
12,071,010102,07102
12,071,010103,07102
12,071,010104,07102
12,071,010105,07102
12,071,010201,07102
12,071,010203,07102
12,071,010204,07102
12,071,010302,07102
12,071,010303,07102
12,071,010304,07102
12,071,010306,07102
12,071,010307,07102
12,071,010404,07102
12,071,010405,07102
12,071,010407,07102
12,071,010409,07102
12,071,010410,07102
12,071,010411,07102
12,071,010412,07102
12,071,010501,07102
12,071,010502,07102
12,071,010601,07102
12,071,010602,07102
12,071,010701,07102
12,071,010702,07102
12,071,010801,07102
12,071,010802,07102
12,071,010803,07102
12,071,000401,07103
12,071,000402,07103
12,071,020101,07103
12,071,020102,07103
12,071,020201,07103
12,071,020202,07103
12,071,020300,07103
12,071,020501,07103
12,071,020800,07103
12,071,030100,07103
12,071,030201,07103
12,071,030202,07103
12,071,030203,07103
12,071,030204,07103
12,071,030300,07103
12,071,040109,07103
12,071,040116,07103
12,071,040121,07103
12,071,040122,07103
12,071,040124,07103
12,071,040125,07103
12,071,040126,07103
12,071,040127,07103
12,071,040203,07103
12,071,040205,07103
12,071,040206,07103
12,071,040207,07103
12,071,040208,07103
12,071,040209,07103
12,071,040210,07103
12,071,040301,07103
12,071,040302,07103
12,071,040303,07103
12,071,040304,07103
12,071,040305,07103
12,071,040308,07103
12,071,040309,07103
12,071,040310,07103
12,071,040311,07103
12,071,040312,07103
12,071,040313,07103
12,071,040314,07103
12,071,000301,07104
12,071,000302,07104
12,071,000502,07104
12,071,000503,07104
12,071,000504,07104
12,071,000600,07104
12,071,000700,07104
12,071,000800,07104
12,071,000900,07104
12,071,001000,07104
12,071,001101,07104
12,071,001102,07104
12,071,001201,07104
12,071,001202,07104
12,071,001300,07104
12,071,001401,07104
12,071,001402,07104
12,071,010305,07104
12,071,020400,07104
12,071,020502,07104
12,071,020600,07104
12,071,020700,07104
12,071,040110,07104
12,071,040112,07104
12,071,040114,07104
12,071,040119,07104
12,071,040123,07104
12,071,080300,07104
12,071,040108,07105
12,071,040111,07105
12,071,040113,07105
12,071,040115,07105
12,071,040117,07105
12,071,040118,07105
12,071,040120,07105
12,071,050203,07105
12,071,050204,07105
12,071,050205,07105
12,071,050206,07105
12,071,050207,07105
12,071,050208,07105
12,071,050209,07105
12,071,050305,07105
12,071,050306,07105
12,071,050307,07105
12,071,050308,07105
12,071,050310,07105
12,071,050311,07105
12,071,050312,07105
12,071,050314,07105
12,071,050400,07105
12,071,050500,07105
12,071,050601,07105
12,071,050602,07105
12,071,060300,07105
12,071,980000,07105
12,073,001602,07300
12,073,002205,07300
12,073,002206,07300
12,073,002207,07300
12,073,002208,07300
12,073,002302,07300
12,073,002303,07300
12,073,002304,07300
12,073,002403,07300
12,073,002408,07300
12,073,002410,07300
12,073,002411,07300
12,073,002412,07300
12,073,002413,07300
12,073,002414,07300
12,073,002415,07300
12,073,002416,07300
12,073,002417,07300
12,073,002505,07300
12,073,002507,07300
12,073,002508,07300
12,073,002509,07300
12,073,002510,07300
12,073,002511,07300
12,073,002512,07300
12,073,002513,07300
12,073,002603,07300
12,073,002604,07300
12,073,002605,07300
12,073,002606,07300
12,073,002701,07300
12,073,002702,07300
12,073,000200,07301
12,073,000301,07301
12,073,000302,07301
12,073,000303,07301
12,073,000400,07301
12,073,000500,07301
12,073,000600,07301
12,073,000700,07301
12,073,000800,07301
12,073,000901,07301
12,073,000903,07301
12,073,000904,07301
12,073,000905,07301
12,073,001001,07301
12,073,001002,07301
12,073,001101,07301
12,073,001102,07301
12,073,001200,07301
12,073,001300,07301
12,073,001401,07301
12,073,001402,07301
12,073,001500,07301
12,073,001601,07301
12,073,001700,07301
12,073,001801,07301
12,073,001802,07301
12,073,001901,07301
12,073,001902,07301
12,073,002003,07301
12,073,002004,07301
12,073,002005,07301
12,073,002006,07301
12,073,002101,07301
12,073,002103,07301
12,073,002104,07301
12,073,002201,07301
12,075,970101,02300
12,075,970102,02300
12,075,970200,02300
12,075,970301,02300
12,075,970302,02300
12,075,970400,02300
12,075,970500,02300
12,075,970600,02300
12,075,970700,02300
12,075,990000,02300
12,077,950100,06300
12,077,950200,06300
12,079,110100,12100
12,079,110200,12100
12,079,110301,12100
12,079,110302,12100
12,079,110400,12100
12,081,000101,08101
12,081,000703,08101
12,081,000704,08101
12,081,001202,08101
12,081,001203,08101
12,081,001300,08101
12,081,001402,08101
12,081,001403,08101
12,081,001404,08101
12,081,001501,08101
12,081,001502,08101
12,081,001601,08101
12,081,001602,08101
12,081,001904,08101
12,081,001907,08101
12,081,001908,08101
12,081,001909,08101
12,081,001910,08101
12,081,001911,08101
12,081,001912,08101
12,081,001913,08101
12,081,001914,08101
12,081,002003,08101
12,081,002013,08101
12,081,002014,08101
12,081,000103,08102
12,081,000105,08102
12,081,000106,08102
12,081,000201,08102
12,081,000202,08102
12,081,000309,08102
12,081,000310,08102
12,081,000403,08102
12,081,000405,08102
12,081,000406,08102
12,081,000407,08102
12,081,000408,08102
12,081,000501,08102
12,081,000503,08102
12,081,000504,08102
12,081,000601,08102
12,081,000603,08102
12,081,000604,08102
12,081,000705,08102
12,081,000803,08102
12,081,000804,08102
12,081,001105,08102
12,081,001106,08102
12,081,001107,08102
12,081,001108,08102
12,081,001204,08102
12,081,001701,08102
12,081,001800,08102
12,081,002011,08102
12,081,002012,08102
12,081,990000,08102
12,081,000304,08103
12,081,000305,08103
12,081,000306,08103
12,081,000307,08103
12,081,000308,08103
12,081,000805,08103
12,081,000807,08103
12,081,000808,08103
12,081,000809,08103
12,081,000810,08103
12,081,000901,08103
12,081,000902,08103
12,081,001000,08103
12,081,001104,08103
12,081,001703,08103
12,081,001704,08103
12,081,002005,08103
12,081,002007,08103
12,081,002008,08103
12,081,002010,08103
12,081,002015,08103
12,081,002016,08103
12,081,002017,08103
12,083,000100,08301
12,083,000200,08301
12,083,000301,08301
12,083,000302,08301
12,083,000401,08301
12,083,000402,08301
12,083,000501,08301
12,083,000502,08301
12,083,000601,08301
12,083,000602,08301
12,083,000604,08301
12,083,000605,08301
12,083,001205,08301
12,083,001206,08301
12,083,001302,08301
12,083,002601,08301
12,083,002602,08301
12,083,002604,08301
12,083,002605,08301
12,083,002606,08301
12,083,002701,08301
12,083,002702,08301
12,083,980000,08301
12,083,980100,08301
12,083,001301,08302
12,083,001401,08302
12,083,001402,08302
12,083,001500,08302
12,083,001600,08302
12,083,001700,08302
12,083,001800,08302
12,083,001900,08302
12,083,002001,08302
12,083,002002,08302
12,083,002100,08302
12,083,002201,08302
12,083,002202,08302
12,083,002203,08302
12,083,002301,08302
12,083,002302,08302
12,083,002401,08302
12,083,002402,08302
12,083,002502,08302
12,083,002503,08302
12,083,002504,08302
12,083,000701,08303
12,083,000702,08303
12,083,000801,08303
12,083,000802,08303
12,083,000901,08303
12,083,000902,08303
12,083,001003,08303
12,083,001004,08303
12,083,001005,08303
12,083,001006,08303
12,083,001007,08303
12,083,001008,08303
12,083,001102,08303
12,083,001103,08303
12,083,001104,08303
12,083,001204,08303
12,083,001207,08303
12,083,001208,08303
12,085,000100,08500
12,085,000200,08500
12,085,000300,08500
12,085,000400,08500
12,085,000501,08500
12,085,000502,08500
12,085,000603,08500
12,085,000604,08500
12,085,000606,08500
12,085,000607,08500
12,085,000610,08500
12,085,000700,08500
12,085,000800,08500
12,085,000901,08500
12,085,000902,08500
12,085,001000,08500
12,085,001102,08500
12,085,001103,08500
12,085,001104,08500
12,085,001200,08500
12,085,001301,08500
12,085,001302,08500
12,085,001404,08500
12,085,001406,08500
12,085,001407,08500
12,085,001408,08500
12,085,001409,08500
12,085,001410,08500
12,085,001500,08500
12,085,001601,08500
12,085,001602,08500
12,085,001700,08500
12,085,001801,08500
12,085,001802,08500
12,085,990000,08500
12,085,990100,08500
12,086,009305,08601
12,086,009312,08601
12,086,009313,08601
12,086,011600,08601
12,086,011700,08601
12,086,011800,08601
12,086,011900,08601
12,086,012000,08601
12,086,012100,08601
12,086,012200,08601
12,086,012300,08601
12,086,012400,08601
12,086,012500,08601
12,086,012700,08601
12,086,012800,08601
12,086,013300,08601
12,086,013900,08601
12,086,000501,08602
12,086,009400,08602
12,086,009901,08602
12,086,009903,08602
12,086,009904,08602
12,086,009905,08602
12,086,009906,08602
12,086,010001,08602
12,086,010005,08602
12,086,010006,08602
12,086,010009,08602
12,086,010010,08602
12,086,010011,08602
12,086,010012,08602
12,086,010013,08602
12,086,010015,08602
12,086,010016,08602
12,086,000109,08603
12,086,000129,08603
12,086,000131,08603
12,086,000132,08603
12,086,000202,08603
12,086,000204,08603
12,086,000206,08603
12,086,000211,08603
12,086,000212,08603
12,086,000213,08603
12,086,000214,08603
12,086,000215,08603
12,086,000216,08603
12,086,009501,08603
12,086,009600,08603
12,086,009705,08603
12,086,009706,08603
12,086,009803,08603
12,086,009804,08603
12,086,009806,08603
12,086,009807,08603
12,086,009808,08603
12,086,000107,08604
12,086,000113,08604
12,086,000115,08604
12,086,000118,08604
12,086,000119,08604
12,086,000120,08604
12,086,000121,08604
12,086,000122,08604
12,086,000123,08604
12,086,000125,08604
12,086,000126,08604
12,086,000127,08604
12,086,000128,08604
12,086,000130,08604
12,086,000133,08604
12,086,000134,08604
12,086,000140,08604
12,086,001204,08604
12,086,003801,08604
12,086,003803,08604
12,086,003804,08604
12,086,003909,08604
12,086,003911,08604
12,086,003912,08604
12,086,003913,08604
12,086,009703,08604
12,086,009704,08604
12,086,000124,08605
12,086,000209,08605
12,086,000217,08605
12,086,000218,08605
12,086,000219,08605
12,086,000220,08605
12,086,000301,08605
12,086,000302,08605
12,086,000305,08605
12,086,000306,08605
12,086,000307,08605
12,086,000308,08605
12,086,000402,08605
12,086,000405,08605
12,086,000410,08605
12,086,000413,08605
12,086,000414,08605
12,086,001101,08605
12,086,001203,08605
12,086,009503,08605
12,086,009504,08605
12,086,000403,08606
12,086,000404,08606
12,086,000408,08606
12,086,000409,08606
12,086,000411,08606
12,086,000412,08606
12,086,000503,08606
12,086,000504,08606
12,086,000505,08606
12,086,000901,08606
12,086,000902,08606
12,086,000903,08606
12,086,001002,08606
12,086,001003,08606
12,086,001004,08606
12,086,001005,08606
12,086,001006,08606
12,086,001103,08606
12,086,001502,08606
12,086,980800,08606
12,086,000602,08607
12,086,009200,08607
12,086,009306,08607
12,086,009307,08607
12,086,009308,08607
12,086,009309,08607
12,086,009311,08607
12,086,009314,08607
12,086,009315,08607
12,086,012600,08607
12,086,012900,08607
12,086,013000,08607
12,086,013100,08607
12,086,013200,08607
12,086,013400,08607
12,086,013500,08607
12,086,013600,08607
12,086,013800,08607
12,086,009010,08608
12,086,009015,08608
12,086,009017,08608
12,086,009020,08608
12,086,009021,08608
12,086,009022,08608
12,086,009023,08608
12,086,009024,08608
12,086,009026,08608
12,086,009027,08608
12,086,009028,08608
12,086,009029,08608
12,086,009034,08608
12,086,009035,08608
12,086,009036,08608
12,086,009038,08608
12,086,009039,08608
12,086,009040,08608
12,086,009043,08608
12,086,009044,08608
12,086,009046,08608
12,086,009047,08608
12,086,014000,08608
12,086,014100,08608
12,086,014200,08608
12,086,014300,08608
12,086,014400,08608
12,086,014500,08608
12,086,000601,08609
12,086,000603,08609
12,086,000604,08609
12,086,000605,08609
12,086,000607,08609
12,086,000608,08609
12,086,000705,08609
12,086,000706,08609
12,086,000707,08609
12,086,000708,08609
12,086,000709,08609
12,086,000710,08609
12,086,000711,08609
12,086,000712,08609
12,086,000804,08609
12,086,000805,08609
12,086,000806,08609
12,086,013700,08609
12,086,000807,08610
12,086,000808,08610
12,086,001602,08610
12,086,001603,08610
12,086,001605,08610
12,086,001606,08610
12,086,001701,08610
12,086,001702,08610
12,086,001703,08610
12,086,001801,08610
12,086,001802,08610
12,086,001803,08610
12,086,004701,08610
12,086,004702,08610
12,086,004703,08610
12,086,009006,08610
12,086,009014,08610
12,086,009019,08610
12,086,009030,08610
12,086,009031,08610
12,086,009100,08610
12,086,980500,08610
12,086,001301,08611
12,086,001302,08611
12,086,001401,08611
12,086,001402,08611
12,086,001501,08611
12,086,001901,08611
12,086,001903,08611
12,086,001904,08611
12,086,002001,08611
12,086,002003,08611
12,086,002004,08611
12,086,002201,08611
12,086,002202,08611
12,086,002300,08611
12,086,002404,08611
12,086,002501,08611
12,086,002502,08611
12,086,002600,08611
12,086,002702,08611
12,086,002703,08611
12,086,002705,08611
12,086,002706,08611
12,086,002800,08611
12,086,003100,08611
12,086,003400,08611
12,086,001102,08612
12,086,001104,08612
12,086,001205,08612
12,086,001206,08612
12,086,002100,08612
12,086,003906,08612
12,086,003914,08612
12,086,003915,08612
12,086,003916,08612
12,086,003917,08612
12,086,003918,08612
12,086,003919,08612
12,086,003921,08612
12,086,003922,08612
12,086,004000,08612
12,086,004102,08612
12,086,004103,08612
12,086,004105,08612
12,086,004106,08612
12,086,004203,08612
12,086,004204,08612
12,086,004205,08612
12,086,004206,08612
12,086,004301,08612
12,086,004303,08612
12,086,004304,08612
12,086,004403,08612
12,086,004404,08612
12,086,004405,08612
12,086,004406,08612
12,086,004500,08612
12,086,002402,08613
12,086,002403,08613
12,086,002900,08613
12,086,003001,08613
12,086,003003,08613
12,086,003004,08613
12,086,003601,08613
12,086,003602,08613
12,086,003702,08613
12,086,003703,08613
12,086,003704,08613
12,086,003705,08613
12,086,003706,08613
12,086,003707,08613
12,086,005102,08613
12,086,005103,08613
12,086,005104,08613
12,086,005201,08613
12,086,005202,08613
12,086,005302,08613
12,086,005303,08613
12,086,005304,08613
12,086,005403,08613
12,086,005405,08613
12,086,005406,08613
12,086,005409,08613
12,086,005410,08613
12,086,981000,08613
12,086,004602,08614
12,086,004605,08614
12,086,004607,08614
12,086,004608,08614
12,086,006501,08614
12,086,006503,08614
12,086,006504,08614
12,086,006601,08614
12,086,006602,08614
12,086,006702,08614
12,086,006705,08614
12,086,006706,08614
12,086,006707,08614
12,086,006709,08614
12,086,006711,08614
12,086,006713,08614
12,086,006714,08614
12,086,006801,08614
12,086,006802,08614
12,086,006900,08614
12,086,007001,08614
12,086,007002,08614
12,086,007101,08614
12,086,007103,08614
12,086,007104,08614
12,086,007200,08614
12,086,007300,08614
12,086,980400,08614
12,086,004901,08615
12,086,004902,08615
12,086,005001,08615
12,086,005002,08615
12,086,005407,08615
12,086,005501,08615
12,086,005502,08615
12,086,005600,08615
12,086,005701,08615
12,086,005703,08615
12,086,005704,08615
12,086,005801,08615
12,086,005802,08615
12,086,006301,08615
12,086,006302,08615
12,086,006401,08615
12,086,006402,08615
12,086,006403,08615
12,086,490100,08615
12,086,005901,08616
12,086,005904,08616
12,086,006101,08616
12,086,006102,08616
12,086,006201,08616
12,086,006203,08616
12,086,006205,08616
12,086,006206,08616
12,086,007400,08616
12,086,007501,08616
12,086,007503,08616
12,086,007601,08616
12,086,007801,08616
12,086,007806,08616
12,086,007807,08616
12,086,007901,08616
12,086,007902,08616
12,086,008000,08616
12,086,008101,08616
12,086,008102,08616
12,086,008305,08616
12,086,008409,08616
12,086,008414,08616
12,086,008415,08616
12,086,980300,08616
12,086,005902,08617
12,086,005903,08617
12,086,006001,08617
12,086,006002,08617
12,086,007603,08617
12,086,007604,08617
12,086,007605,08617
12,086,007606,08617
12,086,007701,08617
12,086,007702,08617
12,086,007704,08617
12,086,007705,08617
12,086,008804,08617
12,086,008805,08617
12,086,008806,08617
12,086,008901,08617
12,086,008902,08617
12,086,008906,08617
12,086,008907,08617
12,086,008803,08618
12,086,008904,08618
12,086,014600,08618
12,086,014700,08618
12,086,014800,08618
12,086,014900,08618
12,086,015000,08618
12,086,015100,08618
12,086,015200,08618
12,086,015300,08618
12,086,015400,08618
12,086,015500,08618
12,086,015800,08618
12,086,015900,08618
12,086,016000,08618
12,086,016100,08618
12,086,016200,08618
12,086,016300,08618
12,086,016400,08619
12,086,016500,08619
12,086,016600,08619
12,086,016700,08619
12,086,016800,08619
12,086,016900,08619
12,086,017000,08619
12,086,017100,08619
12,086,017200,08619
12,086,017300,08619
12,086,017400,08619
12,086,017500,08619
12,086,017600,08619
12,086,017700,08619
12,086,017800,08619
12,086,017900,08619
12,086,018800,08619
12,086,019000,08619
12,086,980900,08619
12,086,007804,08620
12,086,007805,08620
12,086,008405,08620
12,086,008407,08620
12,086,008410,08620
12,086,008412,08620
12,086,008416,08620
12,086,008417,08620
12,086,008418,08620
12,086,008419,08620
12,086,008501,08620
12,086,008502,08620
12,086,008601,08620
12,086,008602,08620
12,086,008701,08620
12,086,008702,08620
12,086,015600,08620
12,086,015700,08620
12,086,019100,08620
12,086,010193,08621
12,086,010198,08621
12,086,018000,08621
12,086,018100,08621
12,086,018200,08621
12,086,018300,08621
12,086,018400,08621
12,086,018500,08621
12,086,018600,08621
12,086,018700,08621
12,086,018900,08621
12,086,019200,08621
12,086,019400,08621
12,086,019500,08621
12,086,019600,08621
12,086,019700,08621
12,086,019800,08621
12,086,020000,08621
12,086,020100,08621
12,086,980200,08621
12,086,008304,08622
12,086,008308,08622
12,086,008309,08622
12,086,010201,08622
12,086,010204,08622
12,086,010205,08622
12,086,010207,08622
12,086,010208,08622
12,086,010209,08622
12,086,010210,08622
12,086,010300,08622
12,086,010500,08622
12,086,010614,08622
12,086,019300,08622
12,086,019900,08622
12,086,020200,08622
12,086,020300,08622
12,086,008202,08623
12,086,008205,08623
12,086,008206,08623
12,086,008207,08623
12,086,008208,08623
12,086,008209,08623
12,086,008306,08623
12,086,008307,08623
12,086,010604,08623
12,086,010606,08623
12,086,010608,08623
12,086,010609,08623
12,086,010610,08623
12,086,010612,08623
12,086,010613,08623
12,086,010617,08623
12,086,010703,08623
12,086,010704,08623
12,086,980600,08623
12,086,980700,08623
12,086,010400,08624
12,086,010801,08624
12,086,010802,08624
12,086,010900,08624
12,086,011001,08624
12,086,011003,08624
12,086,011005,08624
12,086,011007,08624
12,086,011008,08624
12,086,011009,08624
12,086,011101,08624
12,086,011102,08624
12,086,011201,08624
12,086,011202,08624
12,086,011300,08624
12,086,011403,08624
12,086,011401,08700
12,086,011404,08700
12,086,011500,08700
12,086,980100,08700
12,086,990000,08700
12,087,970200,08700
12,087,970300,08700
12,087,970400,08700
12,087,970500,08700
12,087,970600,08700
12,087,970700,08700
12,087,970800,08700
12,087,970900,08700
12,087,971001,08700
12,087,971002,08700
12,087,971100,08700
12,087,971200,08700
12,087,971300,08700
12,087,971401,08700
12,087,971402,08700
12,087,971501,08700
12,087,971502,08700
12,087,971600,08700
12,087,971700,08700
12,087,971800,08700
12,087,971900,08700
12,087,972000,08700
12,087,972100,08700
12,087,972200,08700
12,087,972300,08700
12,087,972400,08700
12,087,972500,08700
12,087,972600,08700
12,087,980000,08700
12,087,980100,08700
12,087,990000,08700
12,089,050101,08900
12,089,050102,08900
12,089,050201,08900
12,089,050202,08900
12,089,050203,08900
12,089,050301,08900
12,089,050302,08900
12,089,050303,08900
12,089,050400,08900
12,089,050502,08900
12,089,050503,08900
12,089,050504,08900
12,089,990000,08900
12,091,020100,09100
12,091,020200,09100
12,091,020301,09100
12,091,020302,09100
12,091,020400,09100
12,091,020500,09100
12,091,020600,09100
12,091,020700,09100
12,091,020800,09100
12,091,020900,09100
12,091,021001,09100
12,091,021002,09100
12,091,021101,09100
12,091,021102,09100
12,091,021200,09100
12,091,021400,09100
12,091,021501,09100
12,091,021502,09100
12,091,021600,09100
12,091,021700,09100
12,091,021801,09100
12,091,021802,09100
12,091,021900,09100
12,091,022001,09100
12,091,022002,09100
12,091,022100,09100
12,091,022300,09100
12,091,022400,09100
12,091,022500,09100
12,091,022600,09100
12,091,022700,09100
12,091,022800,09100
12,091,022900,09100
12,091,023100,09100
12,091,023200,09100
12,091,023303,09100
12,091,023304,09100
12,091,023305,09100
12,091,023306,09100
12,091,023307,09100
12,091,023308,09100
12,091,990100,09100
12,091,990200,09100
12,093,910101,09300
12,093,910102,09300
12,093,910201,09300
12,093,910202,09300
12,093,910300,09300
12,093,910401,09300
12,093,910402,09300
12,093,910403,09300
12,093,910500,09300
12,093,910601,09300
12,093,910602,09300
12,093,990000,09300
12,095,012303,09501
12,095,012304,09501
12,095,012305,09501
12,095,012306,09501
12,095,012307,09501
12,095,015105,09501
12,095,015106,09501
12,095,017501,09501
12,095,017503,09501
12,095,017504,09501
12,095,017600,09501
12,095,017701,09501
12,095,017702,09501
12,095,017703,09501
12,095,017802,09501
12,095,017804,09501
12,095,017805,09501
12,095,017806,09501
12,095,017807,09501
12,095,017808,09501
12,095,017901,09501
12,095,017902,09501
12,095,014804,09502
12,095,014805,09502
12,095,014806,09502
12,095,014807,09502
12,095,014808,09502
12,095,014904,09502
12,095,014906,09502
12,095,014908,09502
12,095,014909,09502
12,095,015001,09502
12,095,015002,09502
12,095,015003,09502
12,095,015004,09502
12,095,017104,09502
12,095,017200,09502
12,095,017300,09502
12,095,017400,09502
12,095,018100,09502
12,095,990000,09502
12,095,014809,09503
12,095,014810,09503
12,095,014811,09503
12,095,014812,09503
12,095,014813,09503
12,095,017001,09503
12,095,017004,09503
12,095,017006,09503
12,095,017015,09503
12,095,017016,09503
12,095,017017,09503
12,095,017103,09503
12,095,017105,09503
12,095,017107,09503
12,095,017108,09503
12,095,017109,09503
12,095,013507,09504
12,095,013511,09504
12,095,013512,09504
12,095,013605,09504
12,095,013606,09504
12,095,013607,09504
12,095,013801,09504
12,095,013802,09504
12,095,013803,09504
12,095,013900,09504
12,095,014000,09504
12,095,014100,09504
12,095,014200,09504
12,095,014301,09504
12,095,014302,09504
12,095,014400,09504
12,095,014502,09504
12,095,014503,09504
12,095,014504,09504
12,095,016902,09504
12,095,016903,09504
12,095,016904,09504
12,095,016906,09504
12,095,016907,09504
12,095,010200,09505
12,095,010300,09505
12,095,010400,09505
12,095,010500,09505
12,095,010802,09505
12,095,011000,09505
12,095,011100,09505
12,095,011200,09505
12,095,011300,09505
12,095,012701,09505
12,095,012900,09505
12,095,013201,09505
12,095,013202,09505
12,095,013300,09505
12,095,013402,09505
12,095,013403,09505
12,095,013405,09505
12,095,013406,09505
12,095,013503,09505
12,095,013505,09505
12,095,013508,09505
12,095,013509,09505
12,095,013510,09505
12,095,013603,09505
12,095,013604,09505
12,095,013701,09505
12,095,013702,09505
12,095,018400,09505
12,095,018500,09505
12,095,018800,09505
12,095,018900,09505
12,095,011600,09506
12,095,011701,09506
12,095,011702,09506
12,095,012000,09506
12,095,012100,09506
12,095,012201,09506
12,095,012202,09506
12,095,012600,09506
12,095,014601,09506
12,095,014605,09506
12,095,014606,09506
12,095,014607,09506
12,095,014608,09506
12,095,014609,09506
12,095,014701,09506
12,095,014702,09506
12,095,014703,09506
12,095,014704,09506
12,095,018300,09506
12,095,018700,09506
12,095,012401,09507
12,095,012402,09507
12,095,012403,09507
12,095,012500,09507
12,095,012800,09507
12,095,015103,09507
12,095,015104,09507
12,095,015201,09507
12,095,015202,09507
12,095,015300,09507
12,095,015402,09507
12,095,015501,09507
12,095,015601,09507
12,095,015602,09507
12,095,015701,09507
12,095,015702,09507
12,095,015801,09507
12,095,015802,09507
12,095,015901,09507
12,095,015902,09507
12,095,016001,09507
12,095,016002,09507
12,095,016100,09507
12,095,016200,09507
12,095,016301,09507
12,095,018000,09507
12,095,018200,09507
12,095,016302,09508
12,095,016402,09508
12,095,016406,09508
12,095,016407,09508
12,095,016408,09508
12,095,016409,09508
12,095,016410,09508
12,095,016411,09508
12,095,016412,09508
12,095,016503,09508
12,095,016504,09508
12,095,016505,09508
12,095,016507,09508
12,095,016508,09508
12,095,016509,09508
12,095,016510,09508
12,095,016511,09508
12,095,016712,09508
12,095,016713,09508
12,095,016714,09508
12,095,016723,09508
12,095,016704,09509
12,095,016709,09509
12,095,016710,09509
12,095,016733,09509
12,095,016734,09509
12,095,016802,09509
12,095,016803,09509
12,095,016804,09509
12,095,016806,09509
12,095,016807,09509
12,095,017008,09509
12,095,017011,09509
12,095,017012,09509
12,095,017013,09509
12,095,017014,09509
12,095,016601,09510
12,095,016602,09510
12,095,016715,09510
12,095,016716,09510
12,095,016717,09510
12,095,016724,09510
12,095,016727,09510
12,095,016728,09510
12,095,016729,09510
12,095,016730,09510
12,095,016731,09510
12,095,016732,09510
12,097,040801,09701
12,097,040802,09701
12,097,040803,09701
12,097,040804,09701
12,097,040901,09701
12,097,040902,09701
12,097,041001,09701
12,097,041002,09701
12,097,041100,09701
12,097,041300,09701
12,097,041500,09701
12,097,041600,09701
12,097,041700,09701
12,097,041800,09701
12,097,041900,09701
12,097,042000,09701
12,097,042100,09701
12,097,042200,09701
12,097,042300,09701
12,097,042400,09701
12,097,042701,09701
12,097,042500,09702
12,097,042601,09702
12,097,042602,09702
12,097,042702,09702
12,097,042800,09702
12,097,042900,09702
12,097,043100,09702
12,097,043201,09702
12,097,043202,09702
12,097,043203,09702
12,097,043204,09702
12,097,043205,09702
12,097,043206,09702
12,097,043301,09702
12,097,043302,09702
12,097,043400,09702
12,097,043500,09702
12,097,043600,09702
12,097,043700,09702
12,097,043800,09702
12,099,000101,09901
12,099,000102,09901
12,099,000202,09901
12,099,000204,09901
12,099,000205,09901
12,099,000206,09901
12,099,000210,09901
12,099,000211,09901
12,099,000213,09901
12,099,000214,09901
12,099,000215,09901
12,099,000301,09901
12,099,000303,09901
12,099,000304,09901
12,099,000405,09901
12,099,000406,09901
12,099,000407,09901
12,099,000408,09901
12,099,000410,09901
12,099,000600,09901
12,099,007805,09901
12,099,007822,09901
12,099,007823,09901
12,099,000208,09902
12,099,000209,09902
12,099,000505,09902
12,099,000507,09902
12,099,000509,09902
12,099,000511,09902
12,099,000702,09902
12,099,000703,09902
12,099,000802,09902
12,099,000803,09902
12,099,000804,09902
12,099,000902,09902
12,099,000903,09902
12,099,000904,09902
12,099,000905,09902
12,099,001002,09902
12,099,001003,09902
12,099,001004,09902
12,099,001101,09902
12,099,001102,09902
12,099,001200,09902
12,099,001301,09902
12,099,001302,09902
12,099,001403,09902
12,099,001404,09902
12,099,001500,09902
12,099,007814,09902
12,099,007828,09902
12,099,007830,09902
12,099,007831,09902
12,099,007834,09902
12,099,007835,09902
12,099,980100,09902
12,099,980200,09902
12,099,990000,09902
12,099,001402,09903
12,099,001600,09903
12,099,001700,09903
12,099,001801,09903
12,099,001802,09903
12,099,001904,09903
12,099,001907,09903
12,099,001908,09903
12,099,001909,09903
12,099,001910,09903
12,099,001911,09903
12,099,001912,09903
12,099,001913,09903
12,099,001914,09903
12,099,001915,09903
12,099,001916,09903
12,099,001917,09903
12,099,002005,09903
12,099,002006,09903
12,099,002100,09903
12,099,002200,09903
12,099,002300,09903
12,099,002400,09903
12,099,002600,09903
12,099,002700,09903
12,099,002800,09903
12,099,002900,09903
12,099,003000,09903
12,099,003101,09903
12,099,003102,09903
12,099,003201,09903
12,099,003202,09903
12,099,003300,09903
12,099,003400,09903
12,099,003504,09903
12,099,003507,09903
12,099,003509,09903
12,099,003511,09903
12,099,003600,09903
12,099,003700,09903
12,099,980500,09903
12,099,003800,09904
12,099,003901,09904
12,099,003902,09904
12,099,004005,09904
12,099,004007,09904
12,099,004008,09904
12,099,004009,09904
12,099,004010,09904
12,099,004011,09904
12,099,004012,09904
12,099,004013,09904
12,099,004101,09904
12,099,004102,09904
12,099,004201,09904
12,099,004202,09904
12,099,004203,09904
12,099,004300,09904
12,099,004601,09904
12,099,004702,09904
12,099,004704,09904
12,099,004705,09904
12,099,004706,09904
12,099,004815,09904
12,099,004816,09904
12,099,004817,09904
12,099,004818,09904
12,099,004819,09904
12,099,980000,09904
12,099,004401,09905
12,099,004402,09905
12,099,004500,09905
12,099,004602,09905
12,099,004809,09905
12,099,004810,09905
12,099,004811,09905
12,099,004812,09905
12,099,004813,09905
12,099,004902,09905
12,099,004903,09905
12,099,004904,09905
12,099,005000,09905
12,099,005101,09905
12,099,005102,09905
12,099,005202,09905
12,099,005203,09905
12,099,005204,09905
12,099,005300,09905
12,099,005405,09905
12,099,005407,09905
12,099,005501,09905
12,099,005502,09905
12,099,005807,09905
12,099,005814,09905
12,099,005815,09905
12,099,005903,09905
12,099,005916,09905
12,099,005917,09905
12,099,005409,09906
12,099,005411,09906
12,099,005601,09906
12,099,005602,09906
12,099,005701,09906
12,099,005702,09906
12,099,005808,09906
12,099,005810,09906
12,099,005811,09906
12,099,005812,09906
12,099,005813,09906
12,099,005816,09906
12,099,005817,09906
12,099,005918,09906
12,099,005921,09906
12,099,005922,09906
12,099,005923,09906
12,099,005926,09906
12,099,005945,09906
12,099,005946,09906
12,099,005947,09906
12,099,005949,09906
12,099,005950,09906
12,099,005951,09906
12,099,005952,09906
12,099,006005,09906
12,099,006006,09906
12,099,006007,09906
12,099,006008,09906
12,099,006009,09906
12,099,006010,09906
12,099,006011,09906
12,099,006012,09906
12,099,006100,09906
12,099,006201,09906
12,099,006202,09906
12,099,006203,09906
12,099,006300,09906
12,099,005915,09907
12,099,005930,09907
12,099,005931,09907
12,099,005933,09907
12,099,005934,09907
12,099,005935,09907
12,099,005936,09907
12,099,005937,09907
12,099,005938,09907
12,099,005939,09907
12,099,005940,09907
12,099,005942,09907
12,099,005943,09907
12,099,005944,09907
12,099,005953,09907
12,099,005954,09907
12,099,005955,09907
12,099,005956,09907
12,099,006401,09907
12,099,006402,09907
12,099,006501,09907
12,099,006502,09907
12,099,006602,09907
12,099,006603,09907
12,099,006604,09907
12,099,006605,09907
12,099,006700,09907
12,099,006801,09907
12,099,006802,09907
12,099,006906,09907
12,099,006907,09907
12,099,006908,09907
12,099,006909,09907
12,099,006910,09907
12,099,006911,09907
12,099,006912,09907
12,099,007410,09907
12,099,007412,09907
12,099,007002,09908
12,099,007005,09908
12,099,007006,09908
12,099,007007,09908
12,099,007008,09908
12,099,007009,09908
12,099,007010,09908
12,099,007011,09908
12,099,007100,09908
12,099,007201,09908
12,099,007202,09908
12,099,007203,09908
12,099,007301,09908
12,099,007302,09908
12,099,007407,09908
12,099,007414,09908
12,099,007416,09908
12,099,007418,09908
12,099,007420,09908
12,099,007501,09908
12,099,007504,09908
12,099,007505,09908
12,099,007602,09908
12,099,007603,09908
12,099,007604,09908
12,099,007605,09908
12,099,007607,09908
12,099,007612,09908
12,099,007613,09908
12,099,007615,09908
12,099,007610,09909
12,099,007614,09909
12,099,007616,09909
12,099,007617,09909
12,099,007618,09909
12,099,007716,09909
12,099,007730,09909
12,099,007731,09909
12,099,007732,09909
12,099,007733,09909
12,099,007734,09909
12,099,007735,09909
12,099,007736,09909
12,099,007738,09909
12,099,007739,09909
12,099,007740,09909
12,099,007741,09909
12,099,007742,09909
12,099,007743,09909
12,099,007744,09909
12,099,007746,09909
12,099,007747,09909
12,099,007748,09909
12,099,007749,09909
12,099,007766,09909
12,099,007767,09909
12,099,007705,09910
12,099,007710,09910
12,099,007713,09910
12,099,007721,09910
12,099,007723,09910
12,099,007724,09910
12,099,007725,09910
12,099,007750,09910
12,099,007751,09910
12,099,007752,09910
12,099,007753,09910
12,099,007754,09910
12,099,007756,09910
12,099,007757,09910
12,099,007758,09910
12,099,007759,09910
12,099,007760,09910
12,099,007762,09910
12,099,007763,09910
12,099,007764,09910
12,099,007765,09910
12,099,007808,09911
12,099,007809,09911
12,099,007812,09911
12,099,007813,09911
12,099,007817,09911
12,099,007818,09911
12,099,007820,09911
12,099,007821,09911
12,099,007832,09911
12,099,007833,09911
12,099,007836,09911
12,099,007837,09911
12,099,007838,09911
12,099,007839,09911
12,099,007908,09911
12,099,007909,09911
12,099,007910,09911
12,099,007912,09911
12,099,008001,09911
12,099,008002,09911
12,099,008101,09911
12,099,008102,09911
12,099,008201,09911
12,099,008202,09911
12,099,008203,09911
12,099,008301,09911
12,099,008302,09911
12,099,980400,09911
12,099,990100,09911
12,101,031901,10101
12,101,031902,10101
12,101,031903,10101
12,101,032001,10101
12,101,032005,10101
12,101,032006,10101
12,101,032103,10101
12,101,032104,10101
12,101,032105,10101
12,101,032200,10101
12,101,032300,10101
12,101,032401,10101
12,101,032402,10101
12,101,032500,10101
12,101,032601,10101
12,101,032602,10101
12,101,032700,10101
12,101,032801,10101
12,101,032802,10101
12,101,032803,10101
12,101,032804,10101
12,101,032901,10101
12,101,032902,10101
12,101,033005,10101
12,101,033006,10101
12,101,033007,10101
12,101,033008,10101
12,101,033009,10101
12,101,033010,10101
12,101,033011,10101
12,101,033012,10101
12,101,033013,10101
12,101,033101,10101
12,101,030903,10102
12,101,030905,10102
12,101,031007,10102
12,101,031008,10102
12,101,031011,10102
12,101,031012,10102
12,101,031203,10102
12,101,031204,10102
12,101,031205,10102
12,101,031206,10102
12,101,031207,10102
12,101,031208,10102
12,101,031301,10102
12,101,031302,10102
12,101,031407,10102
12,101,031506,10102
12,101,031701,10102
12,101,031703,10102
12,101,031704,10102
12,101,031705,10102
12,101,031706,10102
12,101,031707,10102
12,101,031708,10102
12,101,031804,10102
12,101,031805,10102
12,101,031806,10102
12,101,031807,10102
12,101,031808,10102
12,101,031809,10102
12,101,030101,10103
12,101,030102,10103
12,101,030202,10103
12,101,030203,10103
12,101,030204,10103
12,101,030205,10103
12,101,030301,10103
12,101,030302,10103
12,101,030303,10103
12,101,030404,10103
12,101,030405,10103
12,101,030406,10103
12,101,030407,10103
12,101,030408,10103
12,101,030409,10103
12,101,030410,10103
12,101,030411,10103
12,101,030412,10103
12,101,030501,10103
12,101,030502,10103
12,101,030601,10103
12,101,030602,10103
12,101,030700,10103
12,101,030800,10103
12,101,030901,10103
12,101,030904,10103
12,101,031003,10103
12,101,031005,10103
12,101,031006,10103
12,101,031009,10103
12,101,031010,10103
12,101,031013,10103
12,101,031014,10103
12,101,031101,10103
12,101,031102,10103
12,101,031401,10103
12,101,031404,10103
12,101,031405,10103
12,101,031406,10103
12,101,031408,10103
12,101,031409,10103
12,101,031503,10103
12,101,031505,10103
12,101,990000,10103
12,101,031504,10104
12,101,031507,10104
12,101,031508,10104
12,101,031601,10104
12,101,031602,10104
12,101,031603,10104
12,101,031604,10104
12,101,031605,10104
12,101,032007,10104
12,101,032008,10104
12,101,032009,10104
12,101,032010,10104
12,101,032011,10104
12,101,032012,10104
12,101,032013,10104
12,101,032014,10104
12,101,032106,10104
12,101,032107,10104
12,101,032108,10104
12,101,032109,10104
12,101,032110,10104
12,101,032111,10104
12,101,032112,10104
12,101,032113,10104
12,101,032903,10104
12,101,032904,10104
12,101,033014,10104
12,101,033102,10104
12,103,027202,10301
12,103,027204,10301
12,103,027205,10301
12,103,027206,10301
12,103,027207,10301
12,103,027208,10301
12,103,027210,10301
12,103,027308,10301
12,103,027309,10301
12,103,027310,10301
12,103,027314,10301
12,103,027315,10301
12,103,027316,10301
12,103,027317,10301
12,103,027318,10301
12,103,027321,10301
12,103,027322,10301
12,103,027323,10301
12,103,027324,10301
12,103,027325,10301
12,103,027326,10301
12,103,027401,10301
12,103,027402,10301
12,103,027403,10301
12,103,027501,10301
12,103,027502,10301
12,103,990000,10301
12,103,026809,10302
12,103,026811,10302
12,103,026812,10302
12,103,026813,10302
12,103,026814,10302
12,103,026815,10302
12,103,026816,10302
12,103,026817,10302
12,103,026820,10302
12,103,026821,10302
12,103,026904,10302
12,103,026907,10302
12,103,026908,10302
12,103,026909,10302
12,103,026910,10302
12,103,026911,10302
12,103,026912,10302
12,103,026913,10302
12,103,027000,10302
12,103,027101,10302
12,103,027105,10302
12,103,027106,10302
12,103,027209,10302
12,103,027319,10302
12,103,027320,10302
12,103,027327,10302
12,103,025401,10303
12,103,025405,10303
12,103,025412,10303
12,103,025413,10303
12,103,025501,10303
12,103,025700,10303
12,103,025800,10303
12,103,025900,10303
12,103,026001,10303
12,103,026002,10303
12,103,026101,10303
12,103,026102,10303
12,103,026200,10303
12,103,026300,10303
12,103,026400,10303
12,103,026500,10303
12,103,026601,10303
12,103,026602,10303
12,103,026701,10303
12,103,026702,10303
12,103,026703,10303
12,103,026804,10303
12,103,026818,10303
12,103,026819,10303
12,103,027604,10303
12,103,027605,10303
12,103,024507,10304
12,103,024508,10304
12,103,024509,10304
12,103,024510,10304
12,103,024514,10304
12,103,025203,10304
12,103,025204,10304
12,103,025207,10304
12,103,025208,10304
12,103,025209,10304
12,103,025303,10304
12,103,025304,10304
12,103,025305,10304
12,103,025306,10304
12,103,025307,10304
12,103,025308,10304
12,103,025407,10304
12,103,025408,10304
12,103,025411,10304
12,103,025414,10304
12,103,025415,10304
12,103,025416,10304
12,103,025417,10304
12,103,025503,10304
12,103,025505,10304
12,103,025506,10304
12,103,025602,10304
12,103,025603,10304
12,103,025604,10304
12,103,025007,10305
12,103,025010,10305
12,103,025011,10305
12,103,025012,10305
12,103,025013,10305
12,103,025016,10305
12,103,025106,10305
12,103,025107,10305
12,103,025108,10305
12,103,025109,10305
12,103,025110,10305
12,103,025111,10305
12,103,025112,10305
12,103,025113,10305
12,103,025114,10305
12,103,025115,10305
12,103,025116,10305
12,103,025119,10305
12,103,025120,10305
12,103,025121,10305
12,103,025122,10305
12,103,025123,10305
12,103,025205,10305
12,103,027603,10305
12,103,027606,10305
12,103,027701,10305
12,103,027703,10305
12,103,027704,10305
12,103,027801,10305
12,103,027802,10305
12,103,027901,10305
12,103,027903,10305
12,103,027904,10305
12,103,024301,10306
12,103,024302,10306
12,103,024412,10306
12,103,024413,10306
12,103,024505,10306
12,103,024512,10306
12,103,024513,10306
12,103,024601,10306
12,103,024602,10306
12,103,024701,10306
12,103,024702,10306
12,103,024703,10306
12,103,024801,10306
12,103,024803,10306
12,103,024804,10306
12,103,024805,10306
12,103,024901,10306
12,103,024902,10306
12,103,024904,10306
12,103,024905,10306
12,103,024906,10306
12,103,025004,10306
12,103,025009,10306
12,103,025014,10306
12,103,025015,10306
12,103,025017,10306
12,103,025018,10306
12,103,025019,10306
12,103,020201,10307
12,103,020202,10307
12,103,020206,10307
12,103,020207,10307
12,103,020208,10307
12,103,020209,10307
12,103,020301,10307
12,103,020302,10307
12,103,020400,10307
12,103,020500,10307
12,103,020600,10307
12,103,020700,10307
12,103,021200,10307
12,103,021500,10307
12,103,021600,10307
12,103,021800,10307
12,103,021900,10307
12,103,022901,10307
12,103,022902,10307
12,103,023000,10307
12,103,023100,10307
12,103,023200,10307
12,103,023300,10307
12,103,023400,10307
12,103,023500,10307
12,103,023600,10307
12,103,023700,10307
12,103,023800,10307
12,103,023900,10307
12,103,024001,10307
12,103,024002,10307
12,103,024004,10307
12,103,024005,10307
12,103,024100,10307
12,103,024200,10307
12,103,024403,10307
12,103,024406,10307
12,103,024408,10307
12,103,024409,10307
12,103,024410,10307
12,103,024411,10307
12,103,024511,10307
12,103,028600,10307
12,103,028700,10307
12,103,990100,10307
12,103,020101,10308
12,103,020105,10308
12,103,020106,10308
12,103,020107,10308
12,103,020108,10308
12,103,020800,10308
12,103,022000,10308
12,103,022100,10308
12,103,022200,10308
12,103,022301,10308
12,103,022302,10308
12,103,022401,10308
12,103,022402,10308
12,103,022501,10308
12,103,022502,10308
12,103,022503,10308
12,103,022601,10308
12,103,022602,10308
12,103,022700,10308
12,103,022801,10308
12,103,022802,10308
12,103,028002,10308
12,103,028003,10308
12,103,028004,10308
12,103,028102,10308
12,103,028103,10308
12,103,028104,10308
12,103,028200,10308
12,103,028300,10308
12,103,028401,10308
12,103,028402,10308
12,103,028500,10308
12,105,010300,10501
12,105,010401,10501
12,105,010402,10501
12,105,010501,10501
12,105,010502,10501
12,105,010601,10501
12,105,010603,10501
12,105,010604,10501
12,105,010701,10501
12,105,010702,10501
12,105,010800,10501
12,105,010900,10501
12,105,011000,10501
12,105,011100,10501
12,105,011202,10501
12,105,011203,10501
12,105,011204,10501
12,105,011300,10501
12,105,011400,10501
12,105,011501,10501
12,105,011502,10501
12,105,011731,10501
12,105,011732,10501
12,105,011902,10501
12,105,012001,10501
12,105,012002,10501
12,105,012003,10501
12,105,012004,10501
12,105,012111,10501
12,105,012113,10501
12,105,012124,10501
12,105,012125,10501
12,105,012126,10501
12,105,012127,10501
12,105,012128,10501
12,105,012129,10501
12,105,012203,10501
12,105,012204,10501
12,105,012205,10501
12,105,012206,10501
12,105,012303,10501
12,105,012304,10501
12,105,012305,10501
12,105,012306,10501
12,105,012307,10501
12,105,012309,10501
12,105,016400,10501
12,105,011603,10502
12,105,011604,10502
12,105,011605,10502
12,105,011606,10502
12,105,012403,10502
12,105,012404,10502
12,105,012405,10502
12,105,012406,10502
12,105,012407,10502
12,105,012408,10502
12,105,012409,10502
12,105,012410,10502
12,105,012411,10502
12,105,012502,10502
12,105,012504,10502
12,105,012506,10502
12,105,012507,10502
12,105,012601,10502
12,105,012602,10502
12,105,012700,10502
12,105,012802,10502
12,105,012803,10502
12,105,012804,10502
12,105,012900,10502
12,105,013001,10502
12,105,013002,10502
12,105,013101,10502
12,105,013102,10502
12,105,013103,10502
12,105,013200,10502
12,105,013300,10502
12,105,013400,10502
12,105,013500,10502
12,105,013600,10502
12,105,013701,10502
12,105,013702,10502
12,105,013801,10502
12,105,013802,10502
12,105,013901,10502
12,105,013902,10502
12,105,011704,10503
12,105,011721,10503
12,105,011722,10503
12,105,011821,10503
12,105,011822,10503
12,105,011832,10503
12,105,011833,10503
12,105,011834,10503
12,105,011835,10503
12,105,011836,10503
12,105,011901,10503
12,105,011908,10503
12,105,011909,10503
12,105,011910,10503
12,105,011911,10503
12,105,011912,10503
12,105,011913,10503
12,105,014001,10503
12,105,014003,10503
12,105,014005,10503
12,105,014006,10503
12,105,014501,10503
12,105,014502,10503
12,105,014600,10503
12,105,014701,10503
12,105,014702,10503
12,105,014803,10503
12,105,014804,10503
12,105,014901,10503
12,105,014902,10503
12,105,012503,10504
12,105,014103,10504
12,105,014104,10504
12,105,014105,10504
12,105,014121,10504
12,105,014123,10504
12,105,014124,10504
12,105,014125,10504
12,105,014201,10504
12,105,014202,10504
12,105,014203,10504
12,105,014301,10504
12,105,014302,10504
12,105,014400,10504
12,105,014802,10504
12,105,015000,10504
12,105,015101,10504
12,105,015102,10504
12,105,015200,10504
12,105,015301,10504
12,105,015302,10504
12,105,015401,10504
12,105,015402,10504
12,105,015404,10504
12,105,015405,10504
12,105,015500,10504
12,105,015600,10504
12,105,015701,10504
12,105,015702,10504
12,105,015801,10504
12,105,015802,10504
12,105,015900,10504
12,105,016001,10504
12,105,016002,10504
12,105,016003,10504
12,105,016100,10504
12,105,980000,10504
12,107,950100,10700
12,107,950201,10700
12,107,950202,10700
12,107,950300,10700
12,107,950400,10700
12,107,950500,10700
12,107,950600,10700
12,107,950700,10700
12,107,950800,10700
12,107,950900,10700
12,107,951000,10700
12,107,951100,10700
12,107,951200,10700
12,107,951300,10700
12,107,951401,10700
12,107,951402,10700
12,107,980000,10700
12,109,021101,10700
12,109,021102,10700
12,109,021103,10700
12,109,021203,10700
12,109,021204,10700
12,109,021205,10700
12,109,021206,10700
12,109,020200,10900
12,109,020300,10900
12,109,020400,10900
12,109,020500,10900
12,109,020601,10900
12,109,020602,10900
12,109,020704,10900
12,109,020705,10900
12,109,020706,10900
12,109,020707,10900
12,109,020708,10900
12,109,020710,10900
12,109,020711,10900
12,109,020801,10900
12,109,020802,10900
12,109,020803,10900
12,109,020804,10900
12,109,020805,10900
12,109,020806,10900
12,109,020807,10900
12,109,020901,10900
12,109,020902,10900
12,109,021002,10900
12,109,021003,10900
12,109,021004,10900
12,109,021301,10900
12,109,021302,10900
12,109,021403,10900
12,109,021404,10900
12,109,021405,10900
12,109,021406,10900
12,109,021407,10900
12,109,990100,10900
12,109,990200,10900
12,111,380100,11101
12,111,380200,11101
12,111,380300,11101
12,111,380400,11101
12,111,380500,11101
12,111,380600,11101
12,111,380700,11101
12,111,380800,11101
12,111,380901,11101
12,111,380902,11101
12,111,381000,11101
12,111,381101,11101
12,111,381102,11101
12,111,381204,11101
12,111,381300,11101
12,111,381401,11101
12,111,381402,11101
12,111,381601,11101
12,111,381602,11101
12,111,381603,11101
12,111,381701,11101
12,111,381702,11101
12,111,382200,11101
12,111,980000,11101
12,111,990000,11101
12,111,381502,11102
12,111,381503,11102
12,111,381802,11102
12,111,381803,11102
12,111,381804,11102
12,111,381900,11102
12,111,382002,11102
12,111,382003,11102
12,111,382006,11102
12,111,382007,11102
12,111,382008,11102
12,111,382009,11102
12,111,382010,11102
12,111,382106,11102
12,111,382108,11102
12,111,382109,11102
12,111,382110,11102
12,111,382111,11102
12,111,382112,11102
12,111,382113,11102
12,113,010100,11300
12,113,010200,11300
12,113,010300,11300
12,113,010400,11300
12,113,010502,11300
12,113,010503,11300
12,113,010504,11300
12,113,010600,11300
12,113,010702,11300
12,113,010704,11300
12,113,010705,11300
12,113,010706,11300
12,113,010707,11300
12,113,010708,11300
12,113,010802,11300
12,113,010808,11300
12,113,010809,11300
12,113,010811,11300
12,113,010812,11300
12,113,010813,11300
12,113,010814,11300
12,113,010815,11300
12,113,010817,11300
12,113,010819,11300
12,113,010900,11300
12,113,990000,11300
12,115,000101,11501
12,115,000102,11501
12,115,000200,11501
12,115,000300,11501
12,115,000401,11501
12,115,000404,11501
12,115,000405,11501
12,115,000406,11501
12,115,000407,11501
12,115,000501,11501
12,115,000502,11501
12,115,000503,11501
12,115,000601,11501
12,115,000602,11501
12,115,000700,11501
12,115,000801,11501
12,115,000802,11501
12,115,000900,11501
12,115,001000,11501
12,115,001101,11501
12,115,001102,11501
12,115,001201,11501
12,115,001202,11501
12,115,001203,11501
12,115,001204,11501
12,115,001301,11501
12,115,001302,11501
12,115,001303,11501
12,115,001304,11501
12,115,001503,11501
12,115,001601,11501
12,115,001801,11501
12,115,001803,11501
12,115,001804,11501
12,115,001805,11501
12,115,001903,11501
12,115,001904,11501
12,115,001905,11501
12,115,001401,11502
12,115,001402,11502
12,115,001403,11502
12,115,001504,11502
12,115,001505,11502
12,115,001506,11502
12,115,001507,11502
12,115,001602,11502
12,115,001702,11502
12,115,001703,11502
12,115,001704,11502
12,115,001907,11502
12,115,001908,11502
12,115,002003,11502
12,115,002004,11502
12,115,002005,11502
12,115,002007,11502
12,115,002008,11502
12,115,002009,11502
12,115,002010,11502
12,115,002100,11502
12,115,002201,11502
12,115,002202,11502
12,115,002203,11502
12,115,002302,11502
12,115,002303,11502
12,115,002304,11502
12,115,002305,11502
12,115,002401,11502
12,115,002402,11502
12,115,002507,11502
12,115,002714,11502
12,115,990000,11502
12,115,002504,11503
12,115,002505,11503
12,115,002508,11503
12,115,002509,11503
12,115,002510,11503
12,115,002511,11503
12,115,002601,11503
12,115,002602,11503
12,115,002603,11503
12,115,002604,11503
12,115,002605,11503
12,115,002710,11503
12,115,002711,11503
12,115,002712,11503
12,115,002713,11503
12,115,002715,11503
12,115,002716,11503
12,115,002718,11503
12,115,002719,11503
12,115,002720,11503
12,115,002721,11503
12,115,002722,11503
12,115,002723,11503
12,115,002724,11503
12,117,020701,11701
12,117,020703,11701
12,117,020704,11701
12,117,020705,11701
12,117,021604,11701
12,117,021606,11701
12,117,021608,11701
12,117,021609,11701
12,117,021611,11701
12,117,021612,11701
12,117,021613,11701
12,117,021614,11701
12,117,021615,11701
12,117,021616,11701
12,117,021704,11701
12,117,021705,11701
12,117,021706,11701
12,117,021707,11701
12,117,021708,11701
12,117,021803,11701
12,117,021805,11701
12,117,021806,11701
12,117,020101,11702
12,117,020102,11702
12,117,020301,11702
12,117,020302,11702
12,117,020401,11702
12,117,020402,11702
12,117,020500,11702
12,117,020600,11702
12,117,020803,11702
12,117,020805,11702
12,117,020806,11702
12,117,020807,11702
12,117,020808,11702
12,117,020810,11702
12,117,020811,11702
12,117,020812,11702
12,117,020901,11702
12,117,020902,11702
12,117,020903,11702
12,117,021502,11702
12,117,021503,11702
12,117,021504,11702
12,117,021505,11702
12,117,021506,11702
12,117,021401,11703
12,117,021403,11703
12,117,021404,11703
12,117,021802,11703
12,117,021901,11703
12,117,021902,11703
12,117,022001,11703
12,117,022002,11703
12,117,022004,11703
12,117,022005,11703
12,117,022101,11703
12,117,022104,11703
12,117,022105,11703
12,117,022106,11703
12,117,022201,11703
12,117,022205,11703
12,117,022206,11703
12,117,022207,11703
12,117,022208,11703
12,117,022209,11703
12,117,020201,11704
12,117,020202,11704
12,117,021000,11704
12,117,021100,11704
12,117,021201,11704
12,117,021203,11704
12,117,021204,11704
12,117,021306,11704
12,117,021307,11704
12,117,021311,11704
12,117,021312,11704
12,117,021313,11704
12,117,021314,11704
12,117,021315,11704
12,117,021316,11704
12,117,021317,11704
12,117,021318,11704
12,117,021319,11704
12,117,021320,11704
12,117,021321,11704
12,119,910100,06902
12,119,910300,06902
12,119,910401,06902
12,119,910800,06902
12,119,910900,06902
12,119,911200,06902
12,119,911301,06902
12,119,911302,06902
12,119,911400,06902
12,119,911500,06902
12,119,911701,06902
12,119,911702,06902
12,119,910402,06903
12,119,910500,06903
12,119,910601,06903
12,119,910602,06903
12,119,910700,06903
12,119,911000,06903
12,119,980000,06903
12,121,970100,12100
12,121,970200,12100
12,121,970301,12100
12,121,970302,12100
12,121,970400,12100
12,121,970500,12100
12,121,970600,12100
12,123,950100,12100
12,123,950200,12100
12,123,950300,12100
12,123,950400,12100
12,123,990000,12100
12,125,960100,02300
12,125,960200,02300
12,125,960300,02300
12,127,083203,03500
12,127,090101,12701
12,127,090102,12701
12,127,090202,12701
12,127,090203,12701
12,127,090204,12701
12,127,090303,12701
12,127,090304,12701
12,127,090305,12701
12,127,090306,12701
12,127,090307,12701
12,127,090400,12701
12,127,090500,12701
12,127,090600,12701
12,127,090701,12701
12,127,090702,12701
12,127,090803,12701
12,127,090804,12701
12,127,090805,12701
12,127,090806,12701
12,127,090902,12701
12,127,090903,12701
12,127,090904,12701
12,127,080100,12702
12,127,080201,12702
12,127,080202,12702
12,127,080300,12702
12,127,080400,12702
12,127,080500,12702
12,127,080600,12702
12,127,080700,12702
12,127,080803,12702
12,127,080804,12702
12,127,080805,12702
12,127,080806,12702
12,127,080807,12702
12,127,080901,12702
12,127,080902,12702
12,127,081000,12702
12,127,081101,12702
12,127,081102,12702
12,127,081200,12702
12,127,081300,12702
12,127,081500,12702
12,127,081600,12702
12,127,081700,12702
12,127,081800,12702
12,127,081900,12702
12,127,082000,12702
12,127,082100,12702
12,127,082201,12702
12,127,082202,12702
12,127,082301,12702
12,127,082604,12702
12,127,083205,12702
12,127,083206,12702
12,127,092500,12702
12,127,082401,12703
12,127,082404,12703
12,127,082405,12703
12,127,082406,12703
12,127,082410,12703
12,127,082411,12703
12,127,082412,12703
12,127,082413,12703
12,127,082414,12703
12,127,082415,12703
12,127,082503,12703
12,127,082506,12703
12,127,082507,12703
12,127,082508,12703
12,127,082509,12703
12,127,082510,12703
12,127,082511,12703
12,127,082605,12703
12,127,082606,12703
12,127,082607,12703
12,127,082701,12703
12,127,082703,12703
12,127,082704,12703
12,127,082705,12703
12,127,082801,12703
12,127,082802,12703
12,127,082902,12703
12,127,082903,12703
12,127,082904,12703
12,127,083003,12703
12,127,083005,12703
12,127,083006,12703
12,127,083007,12703
12,127,083008,12703
12,127,083009,12703
12,127,990000,12703
12,127,083207,12704
12,127,083208,12704
12,127,083209,12704
12,127,091001,12704
12,127,091005,12704
12,127,091013,12704
12,127,091015,12704
12,127,091016,12704
12,127,091017,12704
12,127,091018,12704
12,127,091019,12704
12,127,091020,12704
12,127,091021,12704
12,127,091022,12704
12,127,091023,12704
12,127,091024,12704
12,127,091025,12704
12,127,091026,12704
12,127,091027,12704
12,127,091028,12704
12,127,091029,12704
12,129,010100,06300
12,129,010201,06300
12,129,010202,06300
12,129,010203,06300
12,129,990000,06300
12,131,950101,00500
12,131,950102,00500
12,131,950200,00500
12,131,950301,00500
12,131,950302,00500
12,131,950400,00500
12,131,950501,00500
12,131,950502,00500
12,131,950601,00500
12,131,950602,00500
12,131,950603,00500
12,131,990000,00500
12,133,970102,00500
12,133,970103,00500
12,133,970104,00500
12,133,970200,00500
12,133,970301,00500
12,133,970302,00500
12,133,970303,00500
